startDateTime,endDateTime,tempSingleMean,tempSingleMinimum,tempSingleMaximum,tempSingleVariance,tempSingleNumPts,tempSingleExpUncert,tempSingleStdErMean,finalQF
"2018-06-01T00:00:00Z","2018-06-01T00:30:00Z",,,,,,,,1
"2018-06-01T00:30:00Z","2018-06-01T01:00:00Z",,,,,,,,1
"2018-06-01T01:00:00Z","2018-06-01T01:30:00Z",,,,,,,,1
"2018-06-01T01:30:00Z","2018-06-01T02:00:00Z",,,,,,,,1
"2018-06-01T02:00:00Z","2018-06-01T02:30:00Z",,,,,,,,1
"2018-06-01T02:30:00Z","2018-06-01T03:00:00Z",,,,,,,,1
"2018-06-01T03:00:00Z","2018-06-01T03:30:00Z",,,,,,,,1
"2018-06-01T03:30:00Z","2018-06-01T04:00:00Z",,,,,,,,1
"2018-06-01T04:00:00Z","2018-06-01T04:30:00Z",,,,,,,,1
"2018-06-01T04:30:00Z","2018-06-01T05:00:00Z",,,,,,,,1
"2018-06-01T05:00:00Z","2018-06-01T05:30:00Z",,,,,,,,1
"2018-06-01T05:30:00Z","2018-06-01T06:00:00Z",,,,,,,,1
"2018-06-01T06:00:00Z","2018-06-01T06:30:00Z",,,,,,,,1
"2018-06-01T06:30:00Z","2018-06-01T07:00:00Z",,,,,,,,1
"2018-06-01T07:00:00Z","2018-06-01T07:30:00Z",,,,,,,,1
"2018-06-01T07:30:00Z","2018-06-01T08:00:00Z",,,,,,,,1
"2018-06-01T08:00:00Z","2018-06-01T08:30:00Z",,,,,,,,1
"2018-06-01T08:30:00Z","2018-06-01T09:00:00Z",,,,,,,,1
"2018-06-01T09:00:00Z","2018-06-01T09:30:00Z",,,,,,,,1
"2018-06-01T09:30:00Z","2018-06-01T10:00:00Z",,,,,,,,1
"2018-06-01T10:00:00Z","2018-06-01T10:30:00Z",,,,,,,,1
"2018-06-01T10:30:00Z","2018-06-01T11:00:00Z",,,,,,,,1
"2018-06-01T11:00:00Z","2018-06-01T11:30:00Z",,,,,,,,1
"2018-06-01T11:30:00Z","2018-06-01T12:00:00Z",,,,,,,,1
"2018-06-01T12:00:00Z","2018-06-01T12:30:00Z",,,,,,,,1
"2018-06-01T12:30:00Z","2018-06-01T13:00:00Z",,,,,,,,1
"2018-06-01T13:00:00Z","2018-06-01T13:30:00Z",,,,,,,,1
"2018-06-01T13:30:00Z","2018-06-01T14:00:00Z",,,,,,,,1
"2018-06-01T14:00:00Z","2018-06-01T14:30:00Z",,,,,,,,1
"2018-06-01T14:30:00Z","2018-06-01T15:00:00Z",,,,,,,,1
"2018-06-01T15:00:00Z","2018-06-01T15:30:00Z",,,,,,,,1
"2018-06-01T15:30:00Z","2018-06-01T16:00:00Z",,,,,,,,1
"2018-06-01T16:00:00Z","2018-06-01T16:30:00Z",,,,,,,,1
"2018-06-01T16:30:00Z","2018-06-01T17:00:00Z",,,,,,,,1
"2018-06-01T17:00:00Z","2018-06-01T17:30:00Z",,,,,,,,1
"2018-06-01T17:30:00Z","2018-06-01T18:00:00Z",,,,,,,,1
"2018-06-01T18:00:00Z","2018-06-01T18:30:00Z",,,,,,,,1
"2018-06-01T18:30:00Z","2018-06-01T19:00:00Z",,,,,,,,1
"2018-06-01T19:00:00Z","2018-06-01T19:30:00Z",,,,,,,,1
"2018-06-01T19:30:00Z","2018-06-01T20:00:00Z",,,,,,,,1
"2018-06-01T20:00:00Z","2018-06-01T20:30:00Z",,,,,,,,1
"2018-06-01T20:30:00Z","2018-06-01T21:00:00Z",,,,,,,,1
"2018-06-01T21:00:00Z","2018-06-01T21:30:00Z",,,,,,,,1
"2018-06-01T21:30:00Z","2018-06-01T22:00:00Z",,,,,,,,1
"2018-06-01T22:00:00Z","2018-06-01T22:30:00Z",,,,,,,,1
"2018-06-01T22:30:00Z","2018-06-01T23:00:00Z",,,,,,,,1
"2018-06-01T23:00:00Z","2018-06-01T23:30:00Z",,,,,,,,1
"2018-06-01T23:30:00Z","2018-06-02T00:00:00Z",,,,,,,,1
"2018-06-02T00:00:00Z","2018-06-02T00:30:00Z",,,,,,,,1
"2018-06-02T00:30:00Z","2018-06-02T01:00:00Z",,,,,,,,1
"2018-06-02T01:00:00Z","2018-06-02T01:30:00Z",,,,,,,,1
"2018-06-02T01:30:00Z","2018-06-02T02:00:00Z",,,,,,,,1
"2018-06-02T02:00:00Z","2018-06-02T02:30:00Z",,,,,,,,1
"2018-06-02T02:30:00Z","2018-06-02T03:00:00Z",,,,,,,,1
"2018-06-02T03:00:00Z","2018-06-02T03:30:00Z",,,,,,,,1
"2018-06-02T03:30:00Z","2018-06-02T04:00:00Z",,,,,,,,1
"2018-06-02T04:00:00Z","2018-06-02T04:30:00Z",,,,,,,,1
"2018-06-02T04:30:00Z","2018-06-02T05:00:00Z",,,,,,,,1
"2018-06-02T05:00:00Z","2018-06-02T05:30:00Z",,,,,,,,1
"2018-06-02T05:30:00Z","2018-06-02T06:00:00Z",,,,,,,,1
"2018-06-02T06:00:00Z","2018-06-02T06:30:00Z",,,,,,,,1
"2018-06-02T06:30:00Z","2018-06-02T07:00:00Z",,,,,,,,1
"2018-06-02T07:00:00Z","2018-06-02T07:30:00Z",,,,,,,,1
"2018-06-02T07:30:00Z","2018-06-02T08:00:00Z",,,,,,,,1
"2018-06-02T08:00:00Z","2018-06-02T08:30:00Z",,,,,,,,1
"2018-06-02T08:30:00Z","2018-06-02T09:00:00Z",,,,,,,,1
"2018-06-02T09:00:00Z","2018-06-02T09:30:00Z",,,,,,,,1
"2018-06-02T09:30:00Z","2018-06-02T10:00:00Z",,,,,,,,1
"2018-06-02T10:00:00Z","2018-06-02T10:30:00Z",,,,,,,,1
"2018-06-02T10:30:00Z","2018-06-02T11:00:00Z",,,,,,,,1
"2018-06-02T11:00:00Z","2018-06-02T11:30:00Z",,,,,,,,1
"2018-06-02T11:30:00Z","2018-06-02T12:00:00Z",,,,,,,,1
"2018-06-02T12:00:00Z","2018-06-02T12:30:00Z",,,,,,,,1
"2018-06-02T12:30:00Z","2018-06-02T13:00:00Z",,,,,,,,1
"2018-06-02T13:00:00Z","2018-06-02T13:30:00Z",,,,,,,,1
"2018-06-02T13:30:00Z","2018-06-02T14:00:00Z",,,,,,,,1
"2018-06-02T14:00:00Z","2018-06-02T14:30:00Z",,,,,,,,1
"2018-06-02T14:30:00Z","2018-06-02T15:00:00Z",,,,,,,,1
"2018-06-02T15:00:00Z","2018-06-02T15:30:00Z",,,,,,,,1
"2018-06-02T15:30:00Z","2018-06-02T16:00:00Z",,,,,,,,1
"2018-06-02T16:00:00Z","2018-06-02T16:30:00Z",,,,,,,,1
"2018-06-02T16:30:00Z","2018-06-02T17:00:00Z",,,,,,,,1
"2018-06-02T17:00:00Z","2018-06-02T17:30:00Z",,,,,,,,1
"2018-06-02T17:30:00Z","2018-06-02T18:00:00Z",,,,,,,,1
"2018-06-02T18:00:00Z","2018-06-02T18:30:00Z",,,,,,,,1
"2018-06-02T18:30:00Z","2018-06-02T19:00:00Z",,,,,,,,1
"2018-06-02T19:00:00Z","2018-06-02T19:30:00Z",,,,,,,,1
"2018-06-02T19:30:00Z","2018-06-02T20:00:00Z",,,,,,,,1
"2018-06-02T20:00:00Z","2018-06-02T20:30:00Z",,,,,,,,1
"2018-06-02T20:30:00Z","2018-06-02T21:00:00Z",,,,,,,,1
"2018-06-02T21:00:00Z","2018-06-02T21:30:00Z",,,,,,,,1
"2018-06-02T21:30:00Z","2018-06-02T22:00:00Z",,,,,,,,1
"2018-06-02T22:00:00Z","2018-06-02T22:30:00Z",,,,,,,,1
"2018-06-02T22:30:00Z","2018-06-02T23:00:00Z",,,,,,,,1
"2018-06-02T23:00:00Z","2018-06-02T23:30:00Z",,,,,,,,1
"2018-06-02T23:30:00Z","2018-06-03T00:00:00Z",,,,,,,,1
"2018-06-03T00:00:00Z","2018-06-03T00:30:00Z",,,,,,,,1
"2018-06-03T00:30:00Z","2018-06-03T01:00:00Z",,,,,,,,1
"2018-06-03T01:00:00Z","2018-06-03T01:30:00Z",,,,,,,,1
"2018-06-03T01:30:00Z","2018-06-03T02:00:00Z",,,,,,,,1
"2018-06-03T02:00:00Z","2018-06-03T02:30:00Z",,,,,,,,1
"2018-06-03T02:30:00Z","2018-06-03T03:00:00Z",,,,,,,,1
"2018-06-03T03:00:00Z","2018-06-03T03:30:00Z",,,,,,,,1
"2018-06-03T03:30:00Z","2018-06-03T04:00:00Z",,,,,,,,1
"2018-06-03T04:00:00Z","2018-06-03T04:30:00Z",,,,,,,,1
"2018-06-03T04:30:00Z","2018-06-03T05:00:00Z",,,,,,,,1
"2018-06-03T05:00:00Z","2018-06-03T05:30:00Z",,,,,,,,1
"2018-06-03T05:30:00Z","2018-06-03T06:00:00Z",,,,,,,,1
"2018-06-03T06:00:00Z","2018-06-03T06:30:00Z",,,,,,,,1
"2018-06-03T06:30:00Z","2018-06-03T07:00:00Z",,,,,,,,1
"2018-06-03T07:00:00Z","2018-06-03T07:30:00Z",,,,,,,,1
"2018-06-03T07:30:00Z","2018-06-03T08:00:00Z",,,,,,,,1
"2018-06-03T08:00:00Z","2018-06-03T08:30:00Z",,,,,,,,1
"2018-06-03T08:30:00Z","2018-06-03T09:00:00Z",,,,,,,,1
"2018-06-03T09:00:00Z","2018-06-03T09:30:00Z",,,,,,,,1
"2018-06-03T09:30:00Z","2018-06-03T10:00:00Z",,,,,,,,1
"2018-06-03T10:00:00Z","2018-06-03T10:30:00Z",,,,,,,,1
"2018-06-03T10:30:00Z","2018-06-03T11:00:00Z",,,,,,,,1
"2018-06-03T11:00:00Z","2018-06-03T11:30:00Z",,,,,,,,1
"2018-06-03T11:30:00Z","2018-06-03T12:00:00Z",,,,,,,,1
"2018-06-03T12:00:00Z","2018-06-03T12:30:00Z",,,,,,,,1
"2018-06-03T12:30:00Z","2018-06-03T13:00:00Z",,,,,,,,1
"2018-06-03T13:00:00Z","2018-06-03T13:30:00Z",,,,,,,,1
"2018-06-03T13:30:00Z","2018-06-03T14:00:00Z",,,,,,,,1
"2018-06-03T14:00:00Z","2018-06-03T14:30:00Z",,,,,,,,1
"2018-06-03T14:30:00Z","2018-06-03T15:00:00Z",,,,,,,,1
"2018-06-03T15:00:00Z","2018-06-03T15:30:00Z",,,,,,,,1
"2018-06-03T15:30:00Z","2018-06-03T16:00:00Z",,,,,,,,1
"2018-06-03T16:00:00Z","2018-06-03T16:30:00Z",,,,,,,,1
"2018-06-03T16:30:00Z","2018-06-03T17:00:00Z",,,,,,,,1
"2018-06-03T17:00:00Z","2018-06-03T17:30:00Z",,,,,,,,1
"2018-06-03T17:30:00Z","2018-06-03T18:00:00Z",,,,,,,,1
"2018-06-03T18:00:00Z","2018-06-03T18:30:00Z",,,,,,,,1
"2018-06-03T18:30:00Z","2018-06-03T19:00:00Z",,,,,,,,1
"2018-06-03T19:00:00Z","2018-06-03T19:30:00Z",,,,,,,,1
"2018-06-03T19:30:00Z","2018-06-03T20:00:00Z",,,,,,,,1
"2018-06-03T20:00:00Z","2018-06-03T20:30:00Z",,,,,,,,1
"2018-06-03T20:30:00Z","2018-06-03T21:00:00Z",,,,,,,,1
"2018-06-03T21:00:00Z","2018-06-03T21:30:00Z",,,,,,,,1
"2018-06-03T21:30:00Z","2018-06-03T22:00:00Z",,,,,,,,1
"2018-06-03T22:00:00Z","2018-06-03T22:30:00Z",,,,,,,,1
"2018-06-03T22:30:00Z","2018-06-03T23:00:00Z",,,,,,,,1
"2018-06-03T23:00:00Z","2018-06-03T23:30:00Z",,,,,,,,1
"2018-06-03T23:30:00Z","2018-06-04T00:00:00Z",,,,,,,,1
"2018-06-04T00:00:00Z","2018-06-04T00:30:00Z",,,,,,,,1
"2018-06-04T00:30:00Z","2018-06-04T01:00:00Z",,,,,,,,1
"2018-06-04T01:00:00Z","2018-06-04T01:30:00Z",,,,,,,,1
"2018-06-04T01:30:00Z","2018-06-04T02:00:00Z",,,,,,,,1
"2018-06-04T02:00:00Z","2018-06-04T02:30:00Z",,,,,,,,1
"2018-06-04T02:30:00Z","2018-06-04T03:00:00Z",,,,,,,,1
"2018-06-04T03:00:00Z","2018-06-04T03:30:00Z",,,,,,,,1
"2018-06-04T03:30:00Z","2018-06-04T04:00:00Z",,,,,,,,1
"2018-06-04T04:00:00Z","2018-06-04T04:30:00Z",,,,,,,,1
"2018-06-04T04:30:00Z","2018-06-04T05:00:00Z",,,,,,,,1
"2018-06-04T05:00:00Z","2018-06-04T05:30:00Z",,,,,,,,1
"2018-06-04T05:30:00Z","2018-06-04T06:00:00Z",,,,,,,,1
"2018-06-04T06:00:00Z","2018-06-04T06:30:00Z",,,,,,,,1
"2018-06-04T06:30:00Z","2018-06-04T07:00:00Z",,,,,,,,1
"2018-06-04T07:00:00Z","2018-06-04T07:30:00Z",,,,,,,,1
"2018-06-04T07:30:00Z","2018-06-04T08:00:00Z",,,,,,,,1
"2018-06-04T08:00:00Z","2018-06-04T08:30:00Z",,,,,,,,1
"2018-06-04T08:30:00Z","2018-06-04T09:00:00Z",,,,,,,,1
"2018-06-04T09:00:00Z","2018-06-04T09:30:00Z",,,,,,,,1
"2018-06-04T09:30:00Z","2018-06-04T10:00:00Z",,,,,,,,1
"2018-06-04T10:00:00Z","2018-06-04T10:30:00Z",,,,,,,,1
"2018-06-04T10:30:00Z","2018-06-04T11:00:00Z",,,,,,,,1
"2018-06-04T11:00:00Z","2018-06-04T11:30:00Z",,,,,,,,1
"2018-06-04T11:30:00Z","2018-06-04T12:00:00Z",,,,,,,,1
"2018-06-04T12:00:00Z","2018-06-04T12:30:00Z",,,,,,,,1
"2018-06-04T12:30:00Z","2018-06-04T13:00:00Z",,,,,,,,1
"2018-06-04T13:00:00Z","2018-06-04T13:30:00Z",,,,,,,,1
"2018-06-04T13:30:00Z","2018-06-04T14:00:00Z",,,,,,,,1
"2018-06-04T14:00:00Z","2018-06-04T14:30:00Z",,,,,,,,1
"2018-06-04T14:30:00Z","2018-06-04T15:00:00Z",,,,,,,,1
"2018-06-04T15:00:00Z","2018-06-04T15:30:00Z",,,,,,,,1
"2018-06-04T15:30:00Z","2018-06-04T16:00:00Z",,,,,,,,1
"2018-06-04T16:00:00Z","2018-06-04T16:30:00Z",,,,,,,,1
"2018-06-04T16:30:00Z","2018-06-04T17:00:00Z",,,,,,,,1
"2018-06-04T17:00:00Z","2018-06-04T17:30:00Z",,,,,,,,1
"2018-06-04T17:30:00Z","2018-06-04T18:00:00Z",,,,,,,,1
"2018-06-04T18:00:00Z","2018-06-04T18:30:00Z",,,,,,,,1
"2018-06-04T18:30:00Z","2018-06-04T19:00:00Z",,,,,,,,1
"2018-06-04T19:00:00Z","2018-06-04T19:30:00Z",,,,,,,,1
"2018-06-04T19:30:00Z","2018-06-04T20:00:00Z",,,,,,,,1
"2018-06-04T20:00:00Z","2018-06-04T20:30:00Z",,,,,,,,1
"2018-06-04T20:30:00Z","2018-06-04T21:00:00Z",,,,,,,,1
"2018-06-04T21:00:00Z","2018-06-04T21:30:00Z",,,,,,,,1
"2018-06-04T21:30:00Z","2018-06-04T22:00:00Z",,,,,,,,1
"2018-06-04T22:00:00Z","2018-06-04T22:30:00Z",,,,,,,,1
"2018-06-04T22:30:00Z","2018-06-04T23:00:00Z",,,,,,,,1
"2018-06-04T23:00:00Z","2018-06-04T23:30:00Z",,,,,,,,1
"2018-06-04T23:30:00Z","2018-06-05T00:00:00Z",,,,,,,,1
"2018-06-05T00:00:00Z","2018-06-05T00:30:00Z",,,,,,,,1
"2018-06-05T00:30:00Z","2018-06-05T01:00:00Z",,,,,,,,1
"2018-06-05T01:00:00Z","2018-06-05T01:30:00Z",,,,,,,,1
"2018-06-05T01:30:00Z","2018-06-05T02:00:00Z",,,,,,,,1
"2018-06-05T02:00:00Z","2018-06-05T02:30:00Z",,,,,,,,1
"2018-06-05T02:30:00Z","2018-06-05T03:00:00Z",,,,,,,,1
"2018-06-05T03:00:00Z","2018-06-05T03:30:00Z",,,,,,,,1
"2018-06-05T03:30:00Z","2018-06-05T04:00:00Z",,,,,,,,1
"2018-06-05T04:00:00Z","2018-06-05T04:30:00Z",,,,,,,,1
"2018-06-05T04:30:00Z","2018-06-05T05:00:00Z",,,,,,,,1
"2018-06-05T05:00:00Z","2018-06-05T05:30:00Z",,,,,,,,1
"2018-06-05T05:30:00Z","2018-06-05T06:00:00Z",,,,,,,,1
"2018-06-05T06:00:00Z","2018-06-05T06:30:00Z",,,,,,,,1
"2018-06-05T06:30:00Z","2018-06-05T07:00:00Z",,,,,,,,1
"2018-06-05T07:00:00Z","2018-06-05T07:30:00Z",,,,,,,,1
"2018-06-05T07:30:00Z","2018-06-05T08:00:00Z",,,,,,,,1
"2018-06-05T08:00:00Z","2018-06-05T08:30:00Z",,,,,,,,1
"2018-06-05T08:30:00Z","2018-06-05T09:00:00Z",,,,,,,,1
"2018-06-05T09:00:00Z","2018-06-05T09:30:00Z",,,,,,,,1
"2018-06-05T09:30:00Z","2018-06-05T10:00:00Z",,,,,,,,1
"2018-06-05T10:00:00Z","2018-06-05T10:30:00Z",,,,,,,,1
"2018-06-05T10:30:00Z","2018-06-05T11:00:00Z",,,,,,,,1
"2018-06-05T11:00:00Z","2018-06-05T11:30:00Z",,,,,,,,1
"2018-06-05T11:30:00Z","2018-06-05T12:00:00Z",,,,,,,,1
"2018-06-05T12:00:00Z","2018-06-05T12:30:00Z",,,,,,,,1
"2018-06-05T12:30:00Z","2018-06-05T13:00:00Z",,,,,,,,1
"2018-06-05T13:00:00Z","2018-06-05T13:30:00Z",,,,,,,,1
"2018-06-05T13:30:00Z","2018-06-05T14:00:00Z",,,,,,,,1
"2018-06-05T14:00:00Z","2018-06-05T14:30:00Z",,,,,,,,1
"2018-06-05T14:30:00Z","2018-06-05T15:00:00Z",,,,,,,,1
"2018-06-05T15:00:00Z","2018-06-05T15:30:00Z",,,,,,,,1
"2018-06-05T15:30:00Z","2018-06-05T16:00:00Z",,,,,,,,1
"2018-06-05T16:00:00Z","2018-06-05T16:30:00Z",,,,,,,,1
"2018-06-05T16:30:00Z","2018-06-05T17:00:00Z",,,,,,,,1
"2018-06-05T17:00:00Z","2018-06-05T17:30:00Z",,,,,,,,1
"2018-06-05T17:30:00Z","2018-06-05T18:00:00Z",,,,,,,,1
"2018-06-05T18:00:00Z","2018-06-05T18:30:00Z",,,,,,,,1
"2018-06-05T18:30:00Z","2018-06-05T19:00:00Z",,,,,,,,1
"2018-06-05T19:00:00Z","2018-06-05T19:30:00Z",,,,,,,,1
"2018-06-05T19:30:00Z","2018-06-05T20:00:00Z",,,,,,,,1
"2018-06-05T20:00:00Z","2018-06-05T20:30:00Z",,,,,,,,1
"2018-06-05T20:30:00Z","2018-06-05T21:00:00Z",,,,,,,,1
"2018-06-05T21:00:00Z","2018-06-05T21:30:00Z",,,,,,,,1
"2018-06-05T21:30:00Z","2018-06-05T22:00:00Z",,,,,,,,1
"2018-06-05T22:00:00Z","2018-06-05T22:30:00Z",,,,,,,,1
"2018-06-05T22:30:00Z","2018-06-05T23:00:00Z",,,,,,,,1
"2018-06-05T23:00:00Z","2018-06-05T23:30:00Z",,,,,,,,1
"2018-06-05T23:30:00Z","2018-06-06T00:00:00Z",,,,,,,,1
"2018-06-06T00:00:00Z","2018-06-06T00:30:00Z",,,,,,,,1
"2018-06-06T00:30:00Z","2018-06-06T01:00:00Z",,,,,,,,1
"2018-06-06T01:00:00Z","2018-06-06T01:30:00Z",,,,,,,,1
"2018-06-06T01:30:00Z","2018-06-06T02:00:00Z",,,,,,,,1
"2018-06-06T02:00:00Z","2018-06-06T02:30:00Z",,,,,,,,1
"2018-06-06T02:30:00Z","2018-06-06T03:00:00Z",,,,,,,,1
"2018-06-06T03:00:00Z","2018-06-06T03:30:00Z",,,,,,,,1
"2018-06-06T03:30:00Z","2018-06-06T04:00:00Z",,,,,,,,1
"2018-06-06T04:00:00Z","2018-06-06T04:30:00Z",,,,,,,,1
"2018-06-06T04:30:00Z","2018-06-06T05:00:00Z",,,,,,,,1
"2018-06-06T05:00:00Z","2018-06-06T05:30:00Z",,,,,,,,1
"2018-06-06T05:30:00Z","2018-06-06T06:00:00Z",,,,,,,,1
"2018-06-06T06:00:00Z","2018-06-06T06:30:00Z",,,,,,,,1
"2018-06-06T06:30:00Z","2018-06-06T07:00:00Z",,,,,,,,1
"2018-06-06T07:00:00Z","2018-06-06T07:30:00Z",,,,,,,,1
"2018-06-06T07:30:00Z","2018-06-06T08:00:00Z",,,,,,,,1
"2018-06-06T08:00:00Z","2018-06-06T08:30:00Z",,,,,,,,1
"2018-06-06T08:30:00Z","2018-06-06T09:00:00Z",,,,,,,,1
"2018-06-06T09:00:00Z","2018-06-06T09:30:00Z",,,,,,,,1
"2018-06-06T09:30:00Z","2018-06-06T10:00:00Z",,,,,,,,1
"2018-06-06T10:00:00Z","2018-06-06T10:30:00Z",,,,,,,,1
"2018-06-06T10:30:00Z","2018-06-06T11:00:00Z",,,,,,,,1
"2018-06-06T11:00:00Z","2018-06-06T11:30:00Z",,,,,,,,1
"2018-06-06T11:30:00Z","2018-06-06T12:00:00Z",,,,,,,,1
"2018-06-06T12:00:00Z","2018-06-06T12:30:00Z",,,,,,,,1
"2018-06-06T12:30:00Z","2018-06-06T13:00:00Z",,,,,,,,1
"2018-06-06T13:00:00Z","2018-06-06T13:30:00Z",,,,,,,,1
"2018-06-06T13:30:00Z","2018-06-06T14:00:00Z",,,,,,,,1
"2018-06-06T14:00:00Z","2018-06-06T14:30:00Z",,,,,,,,1
"2018-06-06T14:30:00Z","2018-06-06T15:00:00Z",,,,,,,,1
"2018-06-06T15:00:00Z","2018-06-06T15:30:00Z",,,,,,,,1
"2018-06-06T15:30:00Z","2018-06-06T16:00:00Z",,,,,,,,1
"2018-06-06T16:00:00Z","2018-06-06T16:30:00Z",,,,,,,,1
"2018-06-06T16:30:00Z","2018-06-06T17:00:00Z",,,,,,,,1
"2018-06-06T17:00:00Z","2018-06-06T17:30:00Z",,,,,,,,1
"2018-06-06T17:30:00Z","2018-06-06T18:00:00Z",,,,,,,,1
"2018-06-06T18:00:00Z","2018-06-06T18:30:00Z",,,,,,,,1
"2018-06-06T18:30:00Z","2018-06-06T19:00:00Z",,,,,,,,1
"2018-06-06T19:00:00Z","2018-06-06T19:30:00Z",,,,,,,,1
"2018-06-06T19:30:00Z","2018-06-06T20:00:00Z",,,,,,,,1
"2018-06-06T20:00:00Z","2018-06-06T20:30:00Z",,,,,,,,1
"2018-06-06T20:30:00Z","2018-06-06T21:00:00Z",,,,,,,,1
"2018-06-06T21:00:00Z","2018-06-06T21:30:00Z",,,,,,,,1
"2018-06-06T21:30:00Z","2018-06-06T22:00:00Z",,,,,,,,1
"2018-06-06T22:00:00Z","2018-06-06T22:30:00Z",,,,,,,,1
"2018-06-06T22:30:00Z","2018-06-06T23:00:00Z",,,,,,,,1
"2018-06-06T23:00:00Z","2018-06-06T23:30:00Z",,,,,,,,1
"2018-06-06T23:30:00Z","2018-06-07T00:00:00Z",,,,,,,,1
"2018-06-07T00:00:00Z","2018-06-07T00:30:00Z",,,,,,,,1
"2018-06-07T00:30:00Z","2018-06-07T01:00:00Z",,,,,,,,1
"2018-06-07T01:00:00Z","2018-06-07T01:30:00Z",,,,,,,,1
"2018-06-07T01:30:00Z","2018-06-07T02:00:00Z",,,,,,,,1
"2018-06-07T02:00:00Z","2018-06-07T02:30:00Z",,,,,,,,1
"2018-06-07T02:30:00Z","2018-06-07T03:00:00Z",,,,,,,,1
"2018-06-07T03:00:00Z","2018-06-07T03:30:00Z",,,,,,,,1
"2018-06-07T03:30:00Z","2018-06-07T04:00:00Z",,,,,,,,1
"2018-06-07T04:00:00Z","2018-06-07T04:30:00Z",,,,,,,,1
"2018-06-07T04:30:00Z","2018-06-07T05:00:00Z",,,,,,,,1
"2018-06-07T05:00:00Z","2018-06-07T05:30:00Z",,,,,,,,1
"2018-06-07T05:30:00Z","2018-06-07T06:00:00Z",,,,,,,,1
"2018-06-07T06:00:00Z","2018-06-07T06:30:00Z",,,,,,,,1
"2018-06-07T06:30:00Z","2018-06-07T07:00:00Z",,,,,,,,1
"2018-06-07T07:00:00Z","2018-06-07T07:30:00Z",,,,,,,,1
"2018-06-07T07:30:00Z","2018-06-07T08:00:00Z",,,,,,,,1
"2018-06-07T08:00:00Z","2018-06-07T08:30:00Z",,,,,,,,1
"2018-06-07T08:30:00Z","2018-06-07T09:00:00Z",,,,,,,,1
"2018-06-07T09:00:00Z","2018-06-07T09:30:00Z",,,,,,,,1
"2018-06-07T09:30:00Z","2018-06-07T10:00:00Z",,,,,,,,1
"2018-06-07T10:00:00Z","2018-06-07T10:30:00Z",,,,,,,,1
"2018-06-07T10:30:00Z","2018-06-07T11:00:00Z",,,,,,,,1
"2018-06-07T11:00:00Z","2018-06-07T11:30:00Z",,,,,,,,1
"2018-06-07T11:30:00Z","2018-06-07T12:00:00Z",,,,,,,,1
"2018-06-07T12:00:00Z","2018-06-07T12:30:00Z",,,,,,,,1
"2018-06-07T12:30:00Z","2018-06-07T13:00:00Z",,,,,,,,1
"2018-06-07T13:00:00Z","2018-06-07T13:30:00Z",,,,,,,,1
"2018-06-07T13:30:00Z","2018-06-07T14:00:00Z",,,,,,,,1
"2018-06-07T14:00:00Z","2018-06-07T14:30:00Z",,,,,,,,1
"2018-06-07T14:30:00Z","2018-06-07T15:00:00Z",,,,,,,,1
"2018-06-07T15:00:00Z","2018-06-07T15:30:00Z",,,,,,,,1
"2018-06-07T15:30:00Z","2018-06-07T16:00:00Z",,,,,,,,1
"2018-06-07T16:00:00Z","2018-06-07T16:30:00Z",,,,,,,,1
"2018-06-07T16:30:00Z","2018-06-07T17:00:00Z",,,,,,,,1
"2018-06-07T17:00:00Z","2018-06-07T17:30:00Z",,,,,,,,1
"2018-06-07T17:30:00Z","2018-06-07T18:00:00Z",,,,,,,,1
"2018-06-07T18:00:00Z","2018-06-07T18:30:00Z",,,,,,,,1
"2018-06-07T18:30:00Z","2018-06-07T19:00:00Z",,,,,,,,1
"2018-06-07T19:00:00Z","2018-06-07T19:30:00Z",,,,,,,,1
"2018-06-07T19:30:00Z","2018-06-07T20:00:00Z",,,,,,,,1
"2018-06-07T20:00:00Z","2018-06-07T20:30:00Z",,,,,,,,1
"2018-06-07T20:30:00Z","2018-06-07T21:00:00Z",,,,,,,,1
"2018-06-07T21:00:00Z","2018-06-07T21:30:00Z",,,,,,,,1
"2018-06-07T21:30:00Z","2018-06-07T22:00:00Z",,,,,,,,1
"2018-06-07T22:00:00Z","2018-06-07T22:30:00Z",,,,,,,,1
"2018-06-07T22:30:00Z","2018-06-07T23:00:00Z",,,,,,,,1
"2018-06-07T23:00:00Z","2018-06-07T23:30:00Z",,,,,,,,1
"2018-06-07T23:30:00Z","2018-06-08T00:00:00Z",,,,,,,,1
"2018-06-08T00:00:00Z","2018-06-08T00:30:00Z",,,,,,,,1
"2018-06-08T00:30:00Z","2018-06-08T01:00:00Z",,,,,,,,1
"2018-06-08T01:00:00Z","2018-06-08T01:30:00Z",,,,,,,,1
"2018-06-08T01:30:00Z","2018-06-08T02:00:00Z",,,,,,,,1
"2018-06-08T02:00:00Z","2018-06-08T02:30:00Z",,,,,,,,1
"2018-06-08T02:30:00Z","2018-06-08T03:00:00Z",,,,,,,,1
"2018-06-08T03:00:00Z","2018-06-08T03:30:00Z",,,,,,,,1
"2018-06-08T03:30:00Z","2018-06-08T04:00:00Z",,,,,,,,1
"2018-06-08T04:00:00Z","2018-06-08T04:30:00Z",,,,,,,,1
"2018-06-08T04:30:00Z","2018-06-08T05:00:00Z",,,,,,,,1
"2018-06-08T05:00:00Z","2018-06-08T05:30:00Z",,,,,,,,1
"2018-06-08T05:30:00Z","2018-06-08T06:00:00Z",,,,,,,,1
"2018-06-08T06:00:00Z","2018-06-08T06:30:00Z",,,,,,,,1
"2018-06-08T06:30:00Z","2018-06-08T07:00:00Z",,,,,,,,1
"2018-06-08T07:00:00Z","2018-06-08T07:30:00Z",,,,,,,,1
"2018-06-08T07:30:00Z","2018-06-08T08:00:00Z",,,,,,,,1
"2018-06-08T08:00:00Z","2018-06-08T08:30:00Z",,,,,,,,1
"2018-06-08T08:30:00Z","2018-06-08T09:00:00Z",,,,,,,,1
"2018-06-08T09:00:00Z","2018-06-08T09:30:00Z",,,,,,,,1
"2018-06-08T09:30:00Z","2018-06-08T10:00:00Z",,,,,,,,1
"2018-06-08T10:00:00Z","2018-06-08T10:30:00Z",,,,,,,,1
"2018-06-08T10:30:00Z","2018-06-08T11:00:00Z",,,,,,,,1
"2018-06-08T11:00:00Z","2018-06-08T11:30:00Z",,,,,,,,1
"2018-06-08T11:30:00Z","2018-06-08T12:00:00Z",,,,,,,,1
"2018-06-08T16:00:00Z","2018-06-08T16:30:00Z",,,,,,,,1
"2018-06-08T16:30:00Z","2018-06-08T17:00:00Z",,,,,,,,1
"2018-06-08T17:00:00Z","2018-06-08T17:30:00Z",,,,,,,,1
"2018-06-08T17:30:00Z","2018-06-08T18:00:00Z",,,,,,,,1
"2018-06-08T18:00:00Z","2018-06-08T18:30:00Z",,,,,,,,1
"2018-06-08T18:30:00Z","2018-06-08T19:00:00Z",,,,,,,,1
"2018-06-08T19:00:00Z","2018-06-08T19:30:00Z",,,,,,,,1
"2018-06-08T19:30:00Z","2018-06-08T20:00:00Z",,,,,,,,1
"2018-06-08T20:00:00Z","2018-06-08T20:30:00Z",,,,,,,,1
"2018-06-08T20:30:00Z","2018-06-08T21:00:00Z",,,,,,,,1
"2018-06-08T21:00:00Z","2018-06-08T21:30:00Z",,,,,,,,1
"2018-06-08T21:30:00Z","2018-06-08T22:00:00Z",,,,,,,,1
"2018-06-08T22:00:00Z","2018-06-08T22:30:00Z",,,,,,,,1
"2018-06-08T22:30:00Z","2018-06-08T23:00:00Z",,,,,,,,1
"2018-06-08T23:00:00Z","2018-06-08T23:30:00Z",,,,,,,,1
"2018-06-08T23:30:00Z","2018-06-09T00:00:00Z",,,,,,,,1
"2018-06-09T00:00:00Z","2018-06-09T00:30:00Z",,,,,,,,1
"2018-06-09T00:30:00Z","2018-06-09T01:00:00Z",,,,,,,,1
"2018-06-09T01:00:00Z","2018-06-09T01:30:00Z",,,,,,,,1
"2018-06-09T01:30:00Z","2018-06-09T02:00:00Z",,,,,,,,1
"2018-06-09T02:00:00Z","2018-06-09T02:30:00Z",,,,,,,,1
"2018-06-09T02:30:00Z","2018-06-09T03:00:00Z",,,,,,,,1
"2018-06-09T03:00:00Z","2018-06-09T03:30:00Z",,,,,,,,1
"2018-06-09T03:30:00Z","2018-06-09T04:00:00Z",,,,,,,,1
"2018-06-09T04:00:00Z","2018-06-09T04:30:00Z",,,,,,,,1
"2018-06-09T04:30:00Z","2018-06-09T05:00:00Z",,,,,,,,1
"2018-06-09T05:00:00Z","2018-06-09T05:30:00Z",,,,,,,,1
"2018-06-09T05:30:00Z","2018-06-09T06:00:00Z",,,,,,,,1
"2018-06-09T06:00:00Z","2018-06-09T06:30:00Z",,,,,,,,1
"2018-06-09T06:30:00Z","2018-06-09T07:00:00Z",,,,,,,,1
"2018-06-09T07:00:00Z","2018-06-09T07:30:00Z",,,,,,,,1
"2018-06-09T07:30:00Z","2018-06-09T08:00:00Z",,,,,,,,1
"2018-06-09T08:00:00Z","2018-06-09T08:30:00Z",,,,,,,,1
"2018-06-09T08:30:00Z","2018-06-09T09:00:00Z",,,,,,,,1
"2018-06-09T09:00:00Z","2018-06-09T09:30:00Z",,,,,,,,1
"2018-06-09T09:30:00Z","2018-06-09T10:00:00Z",,,,,,,,1
"2018-06-09T10:00:00Z","2018-06-09T10:30:00Z",,,,,,,,1
"2018-06-09T10:30:00Z","2018-06-09T11:00:00Z",,,,,,,,1
"2018-06-09T11:00:00Z","2018-06-09T11:30:00Z",,,,,,,,1
"2018-06-09T11:30:00Z","2018-06-09T12:00:00Z",,,,,,,,1
"2018-06-09T12:00:00Z","2018-06-09T12:30:00Z",,,,,,,,1
"2018-06-09T12:30:00Z","2018-06-09T13:00:00Z",,,,,,,,1
"2018-06-09T13:00:00Z","2018-06-09T13:30:00Z",,,,,,,,1
"2018-06-09T13:30:00Z","2018-06-09T14:00:00Z",,,,,,,,1
"2018-06-09T14:00:00Z","2018-06-09T14:30:00Z",,,,,,,,1
"2018-06-09T14:30:00Z","2018-06-09T15:00:00Z",,,,,,,,1
"2018-06-09T15:00:00Z","2018-06-09T15:30:00Z",,,,,,,,1
"2018-06-09T15:30:00Z","2018-06-09T16:00:00Z",,,,,,,,1
"2018-06-09T16:00:00Z","2018-06-09T16:30:00Z",,,,,,,,1
"2018-06-09T16:30:00Z","2018-06-09T17:00:00Z",,,,,,,,1
"2018-06-09T17:00:00Z","2018-06-09T17:30:00Z",,,,,,,,1
"2018-06-09T17:30:00Z","2018-06-09T18:00:00Z",,,,,,,,1
"2018-06-09T18:00:00Z","2018-06-09T18:30:00Z",,,,,,,,1
"2018-06-09T18:30:00Z","2018-06-09T19:00:00Z",,,,,,,,1
"2018-06-09T19:00:00Z","2018-06-09T19:30:00Z",,,,,,,,1
"2018-06-09T19:30:00Z","2018-06-09T20:00:00Z",,,,,,,,1
"2018-06-09T20:00:00Z","2018-06-09T20:30:00Z",,,,,,,,1
"2018-06-09T20:30:00Z","2018-06-09T21:00:00Z",,,,,,,,1
"2018-06-09T21:00:00Z","2018-06-09T21:30:00Z",,,,,,,,1
"2018-06-09T21:30:00Z","2018-06-09T22:00:00Z",,,,,,,,1
"2018-06-09T22:00:00Z","2018-06-09T22:30:00Z",,,,,,,,1
"2018-06-09T22:30:00Z","2018-06-09T23:00:00Z",,,,,,,,1
"2018-06-09T23:00:00Z","2018-06-09T23:30:00Z",,,,,,,,1
"2018-06-09T23:30:00Z","2018-06-10T00:00:00Z",,,,,,,,1
"2018-06-10T00:00:00Z","2018-06-10T00:30:00Z",,,,,,,,1
"2018-06-10T00:30:00Z","2018-06-10T01:00:00Z",,,,,,,,1
"2018-06-10T01:00:00Z","2018-06-10T01:30:00Z",,,,,,,,1
"2018-06-10T01:30:00Z","2018-06-10T02:00:00Z",,,,,,,,1
"2018-06-10T02:00:00Z","2018-06-10T02:30:00Z",,,,,,,,1
"2018-06-10T02:30:00Z","2018-06-10T03:00:00Z",,,,,,,,1
"2018-06-10T03:00:00Z","2018-06-10T03:30:00Z",,,,,,,,1
"2018-06-10T03:30:00Z","2018-06-10T04:00:00Z",,,,,,,,1
"2018-06-10T04:00:00Z","2018-06-10T04:30:00Z",,,,,,,,1
"2018-06-10T04:30:00Z","2018-06-10T05:00:00Z",,,,,,,,1
"2018-06-10T05:00:00Z","2018-06-10T05:30:00Z",,,,,,,,1
"2018-06-10T05:30:00Z","2018-06-10T06:00:00Z",,,,,,,,1
"2018-06-10T06:00:00Z","2018-06-10T06:30:00Z",,,,,,,,1
"2018-06-10T06:30:00Z","2018-06-10T07:00:00Z",,,,,,,,1
"2018-06-10T07:00:00Z","2018-06-10T07:30:00Z",,,,,,,,1
"2018-06-10T07:30:00Z","2018-06-10T08:00:00Z",,,,,,,,1
"2018-06-10T08:00:00Z","2018-06-10T08:30:00Z",,,,,,,,1
"2018-06-10T08:30:00Z","2018-06-10T09:00:00Z",,,,,,,,1
"2018-06-10T09:00:00Z","2018-06-10T09:30:00Z",,,,,,,,1
"2018-06-10T09:30:00Z","2018-06-10T10:00:00Z",,,,,,,,1
"2018-06-10T10:00:00Z","2018-06-10T10:30:00Z",,,,,,,,1
"2018-06-10T10:30:00Z","2018-06-10T11:00:00Z",,,,,,,,1
"2018-06-10T11:00:00Z","2018-06-10T11:30:00Z",,,,,,,,1
"2018-06-10T11:30:00Z","2018-06-10T12:00:00Z",,,,,,,,1
"2018-06-10T12:00:00Z","2018-06-10T12:30:00Z",,,,,,,,1
"2018-06-10T12:30:00Z","2018-06-10T13:00:00Z",,,,,,,,1
"2018-06-10T13:00:00Z","2018-06-10T13:30:00Z",,,,,,,,1
"2018-06-10T13:30:00Z","2018-06-10T14:00:00Z",,,,,,,,1
"2018-06-10T14:00:00Z","2018-06-10T14:30:00Z",,,,,,,,1
"2018-06-10T14:30:00Z","2018-06-10T15:00:00Z",,,,,,,,1
"2018-06-10T15:00:00Z","2018-06-10T15:30:00Z",,,,,,,,1
"2018-06-10T15:30:00Z","2018-06-10T16:00:00Z",,,,,,,,1
"2018-06-10T16:00:00Z","2018-06-10T16:30:00Z",,,,,,,,1
"2018-06-10T16:30:00Z","2018-06-10T17:00:00Z",,,,,,,,1
"2018-06-10T17:00:00Z","2018-06-10T17:30:00Z",,,,,,,,1
"2018-06-10T17:30:00Z","2018-06-10T18:00:00Z",,,,,,,,1
"2018-06-10T18:00:00Z","2018-06-10T18:30:00Z",,,,,,,,1
"2018-06-10T18:30:00Z","2018-06-10T19:00:00Z",,,,,,,,1
"2018-06-10T19:00:00Z","2018-06-10T19:30:00Z",,,,,,,,1
"2018-06-10T19:30:00Z","2018-06-10T20:00:00Z",,,,,,,,1
"2018-06-10T20:00:00Z","2018-06-10T20:30:00Z",,,,,,,,1
"2018-06-10T20:30:00Z","2018-06-10T21:00:00Z",,,,,,,,1
"2018-06-10T21:00:00Z","2018-06-10T21:30:00Z",,,,,,,,1
"2018-06-10T21:30:00Z","2018-06-10T22:00:00Z",,,,,,,,1
"2018-06-10T22:00:00Z","2018-06-10T22:30:00Z",,,,,,,,1
"2018-06-10T22:30:00Z","2018-06-10T23:00:00Z",,,,,,,,1
"2018-06-10T23:00:00Z","2018-06-10T23:30:00Z",,,,,,,,1
"2018-06-10T23:30:00Z","2018-06-11T00:00:00Z",,,,,,,,1
"2018-06-11T00:00:00Z","2018-06-11T00:30:00Z",,,,,,,,1
"2018-06-11T00:30:00Z","2018-06-11T01:00:00Z",,,,,,,,1
"2018-06-11T01:00:00Z","2018-06-11T01:30:00Z",,,,,,,,1
"2018-06-11T01:30:00Z","2018-06-11T02:00:00Z",,,,,,,,1
"2018-06-11T02:00:00Z","2018-06-11T02:30:00Z",,,,,,,,1
"2018-06-11T02:30:00Z","2018-06-11T03:00:00Z",,,,,,,,1
"2018-06-11T03:00:00Z","2018-06-11T03:30:00Z",,,,,,,,1
"2018-06-11T03:30:00Z","2018-06-11T04:00:00Z",,,,,,,,1
"2018-06-11T04:00:00Z","2018-06-11T04:30:00Z",,,,,,,,1
"2018-06-11T04:30:00Z","2018-06-11T05:00:00Z",,,,,,,,1
"2018-06-11T05:00:00Z","2018-06-11T05:30:00Z",,,,,,,,1
"2018-06-11T05:30:00Z","2018-06-11T06:00:00Z",,,,,,,,1
"2018-06-11T06:00:00Z","2018-06-11T06:30:00Z",,,,,,,,1
"2018-06-11T06:30:00Z","2018-06-11T07:00:00Z",,,,,,,,1
"2018-06-11T07:00:00Z","2018-06-11T07:30:00Z",,,,,,,,1
"2018-06-11T07:30:00Z","2018-06-11T08:00:00Z",,,,,,,,1
"2018-06-11T08:00:00Z","2018-06-11T08:30:00Z",,,,,,,,1
"2018-06-11T08:30:00Z","2018-06-11T09:00:00Z",,,,,,,,1
"2018-06-11T09:00:00Z","2018-06-11T09:30:00Z",,,,,,,,1
"2018-06-11T09:30:00Z","2018-06-11T10:00:00Z",,,,,,,,1
"2018-06-11T10:00:00Z","2018-06-11T10:30:00Z",,,,,,,,1
"2018-06-11T10:30:00Z","2018-06-11T11:00:00Z",,,,,,,,1
"2018-06-11T11:00:00Z","2018-06-11T11:30:00Z",,,,,,,,1
"2018-06-11T11:30:00Z","2018-06-11T12:00:00Z",,,,,,,,1
"2018-06-11T12:00:00Z","2018-06-11T12:30:00Z",,,,,,,,1
"2018-06-11T12:30:00Z","2018-06-11T13:00:00Z",,,,,,,,1
"2018-06-11T13:00:00Z","2018-06-11T13:30:00Z",,,,,,,,1
"2018-06-11T13:30:00Z","2018-06-11T14:00:00Z",,,,,,,,1
"2018-06-11T14:00:00Z","2018-06-11T14:30:00Z",,,,,,,,1
"2018-06-11T14:30:00Z","2018-06-11T15:00:00Z",,,,,,,,1
"2018-06-11T15:00:00Z","2018-06-11T15:30:00Z",,,,,,,,1
"2018-06-11T15:30:00Z","2018-06-11T16:00:00Z",,,,,,,,1
"2018-06-11T16:00:00Z","2018-06-11T16:30:00Z",,,,,,,,1
"2018-06-11T16:30:00Z","2018-06-11T17:00:00Z",,,,,,,,1
"2018-06-11T17:00:00Z","2018-06-11T17:30:00Z",,,,,,,,1
"2018-06-11T17:30:00Z","2018-06-11T18:00:00Z",,,,,,,,1
"2018-06-11T18:00:00Z","2018-06-11T18:30:00Z",,,,,,,,1
"2018-06-11T18:30:00Z","2018-06-11T19:00:00Z",,,,,,,,1
"2018-06-11T19:00:00Z","2018-06-11T19:30:00Z",,,,,,,,1
"2018-06-11T19:30:00Z","2018-06-11T20:00:00Z",,,,,,,,1
"2018-06-11T20:00:00Z","2018-06-11T20:30:00Z",,,,,,,,1
"2018-06-11T20:30:00Z","2018-06-11T21:00:00Z",,,,,,,,1
"2018-06-11T21:00:00Z","2018-06-11T21:30:00Z",,,,,,,,1
"2018-06-11T21:30:00Z","2018-06-11T22:00:00Z",,,,,,,,1
"2018-06-11T22:00:00Z","2018-06-11T22:30:00Z",,,,,,,,1
"2018-06-11T22:30:00Z","2018-06-11T23:00:00Z",,,,,,,,1
"2018-06-11T23:00:00Z","2018-06-11T23:30:00Z",,,,,,,,1
"2018-06-11T23:30:00Z","2018-06-12T00:00:00Z",,,,,,,,1
"2018-06-12T00:00:00Z","2018-06-12T00:30:00Z",,,,,,,,1
"2018-06-12T00:30:00Z","2018-06-12T01:00:00Z",,,,,,,,1
"2018-06-12T01:00:00Z","2018-06-12T01:30:00Z",,,,,,,,1
"2018-06-12T01:30:00Z","2018-06-12T02:00:00Z",,,,,,,,1
"2018-06-12T02:00:00Z","2018-06-12T02:30:00Z",,,,,,,,1
"2018-06-12T02:30:00Z","2018-06-12T03:00:00Z",,,,,,,,1
"2018-06-12T03:00:00Z","2018-06-12T03:30:00Z",,,,,,,,1
"2018-06-12T03:30:00Z","2018-06-12T04:00:00Z",,,,,,,,1
"2018-06-12T04:00:00Z","2018-06-12T04:30:00Z",,,,,,,,1
"2018-06-12T04:30:00Z","2018-06-12T05:00:00Z",,,,,,,,1
"2018-06-12T05:00:00Z","2018-06-12T05:30:00Z",,,,,,,,1
"2018-06-12T05:30:00Z","2018-06-12T06:00:00Z",,,,,,,,1
"2018-06-12T06:00:00Z","2018-06-12T06:30:00Z",,,,,,,,1
"2018-06-12T06:30:00Z","2018-06-12T07:00:00Z",,,,,,,,1
"2018-06-12T07:00:00Z","2018-06-12T07:30:00Z",,,,,,,,1
"2018-06-12T07:30:00Z","2018-06-12T08:00:00Z",,,,,,,,1
"2018-06-12T08:00:00Z","2018-06-12T08:30:00Z",,,,,,,,1
"2018-06-12T08:30:00Z","2018-06-12T09:00:00Z",,,,,,,,1
"2018-06-12T09:00:00Z","2018-06-12T09:30:00Z",,,,,,,,1
"2018-06-12T09:30:00Z","2018-06-12T10:00:00Z",,,,,,,,1
"2018-06-12T10:00:00Z","2018-06-12T10:30:00Z",,,,,,,,1
"2018-06-12T10:30:00Z","2018-06-12T11:00:00Z",,,,,,,,1
"2018-06-12T11:00:00Z","2018-06-12T11:30:00Z",,,,,,,,1
"2018-06-12T11:30:00Z","2018-06-12T12:00:00Z",,,,,,,,1
"2018-06-12T12:00:00Z","2018-06-12T12:30:00Z",,,,,,,,1
"2018-06-12T12:30:00Z","2018-06-12T13:00:00Z",,,,,,,,1
"2018-06-12T13:00:00Z","2018-06-12T13:30:00Z",,,,,,,,1
"2018-06-12T13:30:00Z","2018-06-12T14:00:00Z",,,,,,,,1
"2018-06-12T14:00:00Z","2018-06-12T14:30:00Z",,,,,,,,1
"2018-06-12T14:30:00Z","2018-06-12T15:00:00Z",,,,,,,,1
"2018-06-12T15:00:00Z","2018-06-12T15:30:00Z",,,,,,,,1
"2018-06-12T15:30:00Z","2018-06-12T16:00:00Z",,,,,,,,1
"2018-06-12T16:00:00Z","2018-06-12T16:30:00Z",,,,,,,,1
"2018-06-12T16:30:00Z","2018-06-12T17:00:00Z",,,,,,,,1
"2018-06-12T17:00:00Z","2018-06-12T17:30:00Z",,,,,,,,1
"2018-06-12T17:30:00Z","2018-06-12T18:00:00Z",,,,,,,,1
"2018-06-12T18:00:00Z","2018-06-12T18:30:00Z",,,,,,,,1
"2018-06-12T18:30:00Z","2018-06-12T19:00:00Z",,,,,,,,1
"2018-06-12T19:00:00Z","2018-06-12T19:30:00Z",,,,,,,,1
"2018-06-12T19:30:00Z","2018-06-12T20:00:00Z",,,,,,,,1
"2018-06-12T20:00:00Z","2018-06-12T20:30:00Z",,,,,,,,1
"2018-06-12T20:30:00Z","2018-06-12T21:00:00Z",,,,,,,,1
"2018-06-12T21:00:00Z","2018-06-12T21:30:00Z",,,,,,,,1
"2018-06-12T21:30:00Z","2018-06-12T22:00:00Z",,,,,,,,1
"2018-06-12T22:00:00Z","2018-06-12T22:30:00Z",,,,,,,,1
"2018-06-12T22:30:00Z","2018-06-12T23:00:00Z",,,,,,,,1
"2018-06-12T23:00:00Z","2018-06-12T23:30:00Z",,,,,,,,1
"2018-06-12T23:30:00Z","2018-06-13T00:00:00Z",,,,,,,,1
"2018-06-13T00:00:00Z","2018-06-13T00:30:00Z",,,,,,,,1
"2018-06-13T00:30:00Z","2018-06-13T01:00:00Z",,,,,,,,1
"2018-06-13T01:00:00Z","2018-06-13T01:30:00Z",,,,,,,,1
"2018-06-13T01:30:00Z","2018-06-13T02:00:00Z",,,,,,,,1
"2018-06-13T02:00:00Z","2018-06-13T02:30:00Z",,,,,,,,1
"2018-06-13T02:30:00Z","2018-06-13T03:00:00Z",,,,,,,,1
"2018-06-13T03:00:00Z","2018-06-13T03:30:00Z",,,,,,,,1
"2018-06-13T03:30:00Z","2018-06-13T04:00:00Z",,,,,,,,1
"2018-06-13T04:00:00Z","2018-06-13T04:30:00Z",,,,,,,,1
"2018-06-13T04:30:00Z","2018-06-13T05:00:00Z",,,,,,,,1
"2018-06-13T05:00:00Z","2018-06-13T05:30:00Z",,,,,,,,1
"2018-06-13T05:30:00Z","2018-06-13T06:00:00Z",,,,,,,,1
"2018-06-13T06:00:00Z","2018-06-13T06:30:00Z",,,,,,,,1
"2018-06-13T06:30:00Z","2018-06-13T07:00:00Z",,,,,,,,1
"2018-06-13T07:00:00Z","2018-06-13T07:30:00Z",,,,,,,,1
"2018-06-13T07:30:00Z","2018-06-13T08:00:00Z",,,,,,,,1
"2018-06-13T08:00:00Z","2018-06-13T08:30:00Z",,,,,,,,1
"2018-06-13T08:30:00Z","2018-06-13T09:00:00Z",,,,,,,,1
"2018-06-13T09:00:00Z","2018-06-13T09:30:00Z",,,,,,,,1
"2018-06-13T09:30:00Z","2018-06-13T10:00:00Z",,,,,,,,1
"2018-06-13T10:00:00Z","2018-06-13T10:30:00Z",,,,,,,,1
"2018-06-13T10:30:00Z","2018-06-13T11:00:00Z",,,,,,,,1
"2018-06-13T11:00:00Z","2018-06-13T11:30:00Z",,,,,,,,1
"2018-06-13T11:30:00Z","2018-06-13T12:00:00Z",,,,,,,,1
"2018-06-13T12:00:00Z","2018-06-13T12:30:00Z",,,,,,,,1
"2018-06-13T12:30:00Z","2018-06-13T13:00:00Z",,,,,,,,1
"2018-06-13T13:00:00Z","2018-06-13T13:30:00Z",,,,,,,,1
"2018-06-13T13:30:00Z","2018-06-13T14:00:00Z",,,,,,,,1
"2018-06-13T14:00:00Z","2018-06-13T14:30:00Z",,,,,,,,1
"2018-06-13T14:30:00Z","2018-06-13T15:00:00Z",,,,,,,,1
"2018-06-13T15:00:00Z","2018-06-13T15:30:00Z",,,,,,,,1
"2018-06-13T15:30:00Z","2018-06-13T16:00:00Z",,,,,,,,1
"2018-06-13T16:00:00Z","2018-06-13T16:30:00Z",,,,,,,,1
"2018-06-13T16:30:00Z","2018-06-13T17:00:00Z",,,,,,,,1
"2018-06-13T17:00:00Z","2018-06-13T17:30:00Z",,,,,,,,1
"2018-06-13T17:30:00Z","2018-06-13T18:00:00Z",,,,,,,,1
"2018-06-13T18:00:00Z","2018-06-13T18:30:00Z",,,,,,,,1
"2018-06-13T18:30:00Z","2018-06-13T19:00:00Z",,,,,,,,1
"2018-06-13T19:00:00Z","2018-06-13T19:30:00Z",,,,,,,,1
"2018-06-13T19:30:00Z","2018-06-13T20:00:00Z",,,,,,,,1
"2018-06-13T20:00:00Z","2018-06-13T20:30:00Z",,,,,,,,1
"2018-06-13T20:30:00Z","2018-06-13T21:00:00Z",,,,,,,,1
"2018-06-13T21:00:00Z","2018-06-13T21:30:00Z",,,,,,,,1
"2018-06-13T21:30:00Z","2018-06-13T22:00:00Z",,,,,,,,1
"2018-06-13T22:00:00Z","2018-06-13T22:30:00Z",,,,,,,,1
"2018-06-13T22:30:00Z","2018-06-13T23:00:00Z",,,,,,,,1
"2018-06-13T23:00:00Z","2018-06-13T23:30:00Z",,,,,,,,1
"2018-06-13T23:30:00Z","2018-06-14T00:00:00Z",,,,,,,,1
"2018-06-14T00:00:00Z","2018-06-14T00:30:00Z",,,,,,,,1
"2018-06-14T00:30:00Z","2018-06-14T01:00:00Z",,,,,,,,1
"2018-06-14T01:00:00Z","2018-06-14T01:30:00Z",,,,,,,,1
"2018-06-14T01:30:00Z","2018-06-14T02:00:00Z",,,,,,,,1
"2018-06-14T02:00:00Z","2018-06-14T02:30:00Z",,,,,,,,1
"2018-06-14T02:30:00Z","2018-06-14T03:00:00Z",,,,,,,,1
"2018-06-14T03:00:00Z","2018-06-14T03:30:00Z",,,,,,,,1
"2018-06-14T03:30:00Z","2018-06-14T04:00:00Z",,,,,,,,1
"2018-06-14T04:00:00Z","2018-06-14T04:30:00Z",,,,,,,,1
"2018-06-14T04:30:00Z","2018-06-14T05:00:00Z",,,,,,,,1
"2018-06-14T05:00:00Z","2018-06-14T05:30:00Z",,,,,,,,1
"2018-06-14T05:30:00Z","2018-06-14T06:00:00Z",,,,,,,,1
"2018-06-14T06:00:00Z","2018-06-14T06:30:00Z",,,,,,,,1
"2018-06-14T06:30:00Z","2018-06-14T07:00:00Z",,,,,,,,1
"2018-06-14T07:00:00Z","2018-06-14T07:30:00Z",,,,,,,,1
"2018-06-14T07:30:00Z","2018-06-14T08:00:00Z",,,,,,,,1
"2018-06-14T08:00:00Z","2018-06-14T08:30:00Z",,,,,,,,1
"2018-06-14T08:30:00Z","2018-06-14T09:00:00Z",,,,,,,,1
"2018-06-14T09:00:00Z","2018-06-14T09:30:00Z",,,,,,,,1
"2018-06-14T09:30:00Z","2018-06-14T10:00:00Z",,,,,,,,1
"2018-06-14T10:00:00Z","2018-06-14T10:30:00Z",,,,,,,,1
"2018-06-14T10:30:00Z","2018-06-14T11:00:00Z",,,,,,,,1
"2018-06-14T11:00:00Z","2018-06-14T11:30:00Z",,,,,,,,1
"2018-06-14T11:30:00Z","2018-06-14T12:00:00Z",,,,,,,,1
"2018-06-14T12:00:00Z","2018-06-14T12:30:00Z",,,,,,,,1
"2018-06-14T12:30:00Z","2018-06-14T13:00:00Z",,,,,,,,1
"2018-06-14T13:00:00Z","2018-06-14T13:30:00Z",,,,,,,,1
"2018-06-14T13:30:00Z","2018-06-14T14:00:00Z",,,,,,,,1
"2018-06-14T14:00:00Z","2018-06-14T14:30:00Z",,,,,,,,1
"2018-06-14T14:30:00Z","2018-06-14T15:00:00Z",,,,,,,,1
"2018-06-14T15:00:00Z","2018-06-14T15:30:00Z",,,,,,,,1
"2018-06-14T15:30:00Z","2018-06-14T16:00:00Z",,,,,,,,1
"2018-06-14T16:00:00Z","2018-06-14T16:30:00Z",,,,,,,,1
"2018-06-14T16:30:00Z","2018-06-14T17:00:00Z",,,,,,,,1
"2018-06-14T17:00:00Z","2018-06-14T17:30:00Z",,,,,,,,1
"2018-06-14T17:30:00Z","2018-06-14T18:00:00Z",,,,,,,,1
"2018-06-14T18:00:00Z","2018-06-14T18:30:00Z",,,,,,,,1
"2018-06-14T18:30:00Z","2018-06-14T19:00:00Z",,,,,,,,1
"2018-06-14T19:00:00Z","2018-06-14T19:30:00Z",,,,,,,,1
"2018-06-14T19:30:00Z","2018-06-14T20:00:00Z",,,,,,,,1
"2018-06-14T20:00:00Z","2018-06-14T20:30:00Z",,,,,,,,1
"2018-06-14T20:30:00Z","2018-06-14T21:00:00Z",,,,,,,,1
"2018-06-14T21:00:00Z","2018-06-14T21:30:00Z",,,,,,,,1
"2018-06-14T21:30:00Z","2018-06-14T22:00:00Z",,,,,,,,1
"2018-06-14T22:00:00Z","2018-06-14T22:30:00Z",,,,,,,,1
"2018-06-14T22:30:00Z","2018-06-14T23:00:00Z",,,,,,,,1
"2018-06-14T23:00:00Z","2018-06-14T23:30:00Z",,,,,,,,1
"2018-06-14T23:30:00Z","2018-06-15T00:00:00Z",,,,,,,,1
"2018-06-15T00:00:00Z","2018-06-15T00:30:00Z",,,,,,,,1
"2018-06-15T00:30:00Z","2018-06-15T01:00:00Z",,,,,,,,1
"2018-06-15T01:00:00Z","2018-06-15T01:30:00Z",,,,,,,,1
"2018-06-15T01:30:00Z","2018-06-15T02:00:00Z",,,,,,,,1
"2018-06-15T02:00:00Z","2018-06-15T02:30:00Z",,,,,,,,1
"2018-06-15T02:30:00Z","2018-06-15T03:00:00Z",,,,,,,,1
"2018-06-15T03:00:00Z","2018-06-15T03:30:00Z",,,,,,,,1
"2018-06-15T03:30:00Z","2018-06-15T04:00:00Z",,,,,,,,1
"2018-06-15T04:00:00Z","2018-06-15T04:30:00Z",,,,,,,,1
"2018-06-15T04:30:00Z","2018-06-15T05:00:00Z",,,,,,,,1
"2018-06-15T05:00:00Z","2018-06-15T05:30:00Z",,,,,,,,1
"2018-06-15T05:30:00Z","2018-06-15T06:00:00Z",,,,,,,,1
"2018-06-15T06:00:00Z","2018-06-15T06:30:00Z",,,,,,,,1
"2018-06-15T06:30:00Z","2018-06-15T07:00:00Z",,,,,,,,1
"2018-06-15T07:00:00Z","2018-06-15T07:30:00Z",,,,,,,,1
"2018-06-15T07:30:00Z","2018-06-15T08:00:00Z",,,,,,,,1
"2018-06-15T08:00:00Z","2018-06-15T08:30:00Z",,,,,,,,1
"2018-06-15T08:30:00Z","2018-06-15T09:00:00Z",,,,,,,,1
"2018-06-15T09:00:00Z","2018-06-15T09:30:00Z",,,,,,,,1
"2018-06-15T09:30:00Z","2018-06-15T10:00:00Z",,,,,,,,1
"2018-06-15T10:00:00Z","2018-06-15T10:30:00Z",,,,,,,,1
"2018-06-15T10:30:00Z","2018-06-15T11:00:00Z",,,,,,,,1
"2018-06-15T11:00:00Z","2018-06-15T11:30:00Z",,,,,,,,1
"2018-06-15T11:30:00Z","2018-06-15T12:00:00Z",,,,,,,,1
"2018-06-15T12:00:00Z","2018-06-15T12:30:00Z",,,,,,,,1
"2018-06-15T12:30:00Z","2018-06-15T13:00:00Z",,,,,,,,1
"2018-06-15T13:00:00Z","2018-06-15T13:30:00Z",,,,,,,,1
"2018-06-15T13:30:00Z","2018-06-15T14:00:00Z",,,,,,,,1
"2018-06-15T14:00:00Z","2018-06-15T14:30:00Z",,,,,,,,1
"2018-06-15T14:30:00Z","2018-06-15T15:00:00Z",,,,,,,,1
"2018-06-15T15:00:00Z","2018-06-15T15:30:00Z",,,,,,,,1
"2018-06-15T15:30:00Z","2018-06-15T16:00:00Z",,,,,,,,1
"2018-06-15T16:00:00Z","2018-06-15T16:30:00Z",,,,,,,,1
"2018-06-15T16:30:00Z","2018-06-15T17:00:00Z",,,,,,,,1
"2018-06-15T17:00:00Z","2018-06-15T17:30:00Z",,,,,,,,1
"2018-06-15T17:30:00Z","2018-06-15T18:00:00Z",,,,,,,,1
"2018-06-15T18:00:00Z","2018-06-15T18:30:00Z",,,,,,,,1
"2018-06-15T18:30:00Z","2018-06-15T19:00:00Z",,,,,,,,1
"2018-06-15T19:00:00Z","2018-06-15T19:30:00Z",,,,,,,,1
"2018-06-15T19:30:00Z","2018-06-15T20:00:00Z",,,,,,,,1
"2018-06-15T20:00:00Z","2018-06-15T20:30:00Z",,,,,,,,1
"2018-06-15T20:30:00Z","2018-06-15T21:00:00Z",,,,,,,,1
"2018-06-15T21:00:00Z","2018-06-15T21:30:00Z",,,,,,,,1
"2018-06-15T21:30:00Z","2018-06-15T22:00:00Z",,,,,,,,1
"2018-06-15T22:00:00Z","2018-06-15T22:30:00Z",,,,,,,,1
"2018-06-15T22:30:00Z","2018-06-15T23:00:00Z",,,,,,,,1
"2018-06-15T23:00:00Z","2018-06-15T23:30:00Z",,,,,,,,1
"2018-06-15T23:30:00Z","2018-06-16T00:00:00Z",,,,,,,,1
"2018-06-16T00:00:00Z","2018-06-16T00:30:00Z",,,,,,,,1
"2018-06-16T00:30:00Z","2018-06-16T01:00:00Z",,,,,,,,1
"2018-06-16T01:00:00Z","2018-06-16T01:30:00Z",,,,,,,,1
"2018-06-16T01:30:00Z","2018-06-16T02:00:00Z",,,,,,,,1
"2018-06-16T02:00:00Z","2018-06-16T02:30:00Z",,,,,,,,1
"2018-06-16T02:30:00Z","2018-06-16T03:00:00Z",,,,,,,,1
"2018-06-16T03:00:00Z","2018-06-16T03:30:00Z",,,,,,,,1
"2018-06-16T03:30:00Z","2018-06-16T04:00:00Z",,,,,,,,1
"2018-06-16T04:00:00Z","2018-06-16T04:30:00Z",,,,,,,,1
"2018-06-16T04:30:00Z","2018-06-16T05:00:00Z",,,,,,,,1
"2018-06-16T05:00:00Z","2018-06-16T05:30:00Z",,,,,,,,1
"2018-06-16T05:30:00Z","2018-06-16T06:00:00Z",,,,,,,,1
"2018-06-16T06:00:00Z","2018-06-16T06:30:00Z",,,,,,,,1
"2018-06-16T06:30:00Z","2018-06-16T07:00:00Z",,,,,,,,1
"2018-06-16T07:00:00Z","2018-06-16T07:30:00Z",,,,,,,,1
"2018-06-16T07:30:00Z","2018-06-16T08:00:00Z",,,,,,,,1
"2018-06-16T08:00:00Z","2018-06-16T08:30:00Z",,,,,,,,1
"2018-06-16T08:30:00Z","2018-06-16T09:00:00Z",,,,,,,,1
"2018-06-16T09:00:00Z","2018-06-16T09:30:00Z",,,,,,,,1
"2018-06-16T09:30:00Z","2018-06-16T10:00:00Z",,,,,,,,1
"2018-06-16T10:00:00Z","2018-06-16T10:30:00Z",,,,,,,,1
"2018-06-16T10:30:00Z","2018-06-16T11:00:00Z",,,,,,,,1
"2018-06-16T11:00:00Z","2018-06-16T11:30:00Z",,,,,,,,1
"2018-06-16T11:30:00Z","2018-06-16T12:00:00Z",,,,,,,,1
"2018-06-16T12:00:00Z","2018-06-16T12:30:00Z",,,,,,,,1
"2018-06-16T12:30:00Z","2018-06-16T13:00:00Z",,,,,,,,1
"2018-06-16T13:00:00Z","2018-06-16T13:30:00Z",,,,,,,,1
"2018-06-16T13:30:00Z","2018-06-16T14:00:00Z",,,,,,,,1
"2018-06-16T14:00:00Z","2018-06-16T14:30:00Z",,,,,,,,1
"2018-06-16T14:30:00Z","2018-06-16T15:00:00Z",,,,,,,,1
"2018-06-16T15:00:00Z","2018-06-16T15:30:00Z",,,,,,,,1
"2018-06-16T15:30:00Z","2018-06-16T16:00:00Z",,,,,,,,1
"2018-06-16T16:00:00Z","2018-06-16T16:30:00Z",,,,,,,,1
"2018-06-16T16:30:00Z","2018-06-16T17:00:00Z",,,,,,,,1
"2018-06-16T17:00:00Z","2018-06-16T17:30:00Z",,,,,,,,1
"2018-06-16T17:30:00Z","2018-06-16T18:00:00Z",,,,,,,,1
"2018-06-16T18:00:00Z","2018-06-16T18:30:00Z",,,,,,,,1
"2018-06-16T18:30:00Z","2018-06-16T19:00:00Z",,,,,,,,1
"2018-06-16T19:00:00Z","2018-06-16T19:30:00Z",,,,,,,,1
"2018-06-16T19:30:00Z","2018-06-16T20:00:00Z",,,,,,,,1
"2018-06-16T20:00:00Z","2018-06-16T20:30:00Z",,,,,,,,1
"2018-06-16T20:30:00Z","2018-06-16T21:00:00Z",,,,,,,,1
"2018-06-16T21:00:00Z","2018-06-16T21:30:00Z",,,,,,,,1
"2018-06-16T21:30:00Z","2018-06-16T22:00:00Z",,,,,,,,1
"2018-06-16T22:00:00Z","2018-06-16T22:30:00Z",,,,,,,,1
"2018-06-16T22:30:00Z","2018-06-16T23:00:00Z",,,,,,,,1
"2018-06-16T23:00:00Z","2018-06-16T23:30:00Z",,,,,,,,1
"2018-06-16T23:30:00Z","2018-06-17T00:00:00Z",,,,,,,,1
"2018-06-17T00:00:00Z","2018-06-17T00:30:00Z",,,,,,,,1
"2018-06-17T00:30:00Z","2018-06-17T01:00:00Z",,,,,,,,1
"2018-06-17T01:00:00Z","2018-06-17T01:30:00Z",,,,,,,,1
"2018-06-17T01:30:00Z","2018-06-17T02:00:00Z",,,,,,,,1
"2018-06-17T02:00:00Z","2018-06-17T02:30:00Z",,,,,,,,1
"2018-06-17T02:30:00Z","2018-06-17T03:00:00Z",,,,,,,,1
"2018-06-17T03:00:00Z","2018-06-17T03:30:00Z",,,,,,,,1
"2018-06-17T03:30:00Z","2018-06-17T04:00:00Z",,,,,,,,1
"2018-06-17T04:00:00Z","2018-06-17T04:30:00Z",,,,,,,,1
"2018-06-17T04:30:00Z","2018-06-17T05:00:00Z",,,,,,,,1
"2018-06-17T05:00:00Z","2018-06-17T05:30:00Z",,,,,,,,1
"2018-06-17T05:30:00Z","2018-06-17T06:00:00Z",,,,,,,,1
"2018-06-17T06:00:00Z","2018-06-17T06:30:00Z",,,,,,,,1
"2018-06-17T06:30:00Z","2018-06-17T07:00:00Z",,,,,,,,1
"2018-06-17T07:00:00Z","2018-06-17T07:30:00Z",,,,,,,,1
"2018-06-17T07:30:00Z","2018-06-17T08:00:00Z",,,,,,,,1
"2018-06-17T08:00:00Z","2018-06-17T08:30:00Z",,,,,,,,1
"2018-06-17T08:30:00Z","2018-06-17T09:00:00Z",,,,,,,,1
"2018-06-17T09:00:00Z","2018-06-17T09:30:00Z",,,,,,,,1
"2018-06-17T09:30:00Z","2018-06-17T10:00:00Z",,,,,,,,1
"2018-06-17T10:00:00Z","2018-06-17T10:30:00Z",,,,,,,,1
"2018-06-17T10:30:00Z","2018-06-17T11:00:00Z",,,,,,,,1
"2018-06-17T11:00:00Z","2018-06-17T11:30:00Z",,,,,,,,1
"2018-06-17T11:30:00Z","2018-06-17T12:00:00Z",,,,,,,,1
"2018-06-17T12:00:00Z","2018-06-17T12:30:00Z",,,,,,,,1
"2018-06-17T12:30:00Z","2018-06-17T13:00:00Z",,,,,,,,1
"2018-06-17T13:00:00Z","2018-06-17T13:30:00Z",,,,,,,,1
"2018-06-17T13:30:00Z","2018-06-17T14:00:00Z",,,,,,,,1
"2018-06-17T14:00:00Z","2018-06-17T14:30:00Z",,,,,,,,1
"2018-06-17T14:30:00Z","2018-06-17T15:00:00Z",,,,,,,,1
"2018-06-17T15:00:00Z","2018-06-17T15:30:00Z",,,,,,,,1
"2018-06-17T15:30:00Z","2018-06-17T16:00:00Z",,,,,,,,1
"2018-06-17T16:00:00Z","2018-06-17T16:30:00Z",,,,,,,,1
"2018-06-17T16:30:00Z","2018-06-17T17:00:00Z",,,,,,,,1
"2018-06-17T17:00:00Z","2018-06-17T17:30:00Z",,,,,,,,1
"2018-06-17T17:30:00Z","2018-06-17T18:00:00Z",,,,,,,,1
"2018-06-17T18:00:00Z","2018-06-17T18:30:00Z",,,,,,,,1
"2018-06-17T18:30:00Z","2018-06-17T19:00:00Z",,,,,,,,1
"2018-06-17T19:00:00Z","2018-06-17T19:30:00Z",,,,,,,,1
"2018-06-17T19:30:00Z","2018-06-17T20:00:00Z",,,,,,,,1
"2018-06-17T20:00:00Z","2018-06-17T20:30:00Z",,,,,,,,1
"2018-06-17T20:30:00Z","2018-06-17T21:00:00Z",,,,,,,,1
"2018-06-17T21:00:00Z","2018-06-17T21:30:00Z",,,,,,,,1
"2018-06-17T21:30:00Z","2018-06-17T22:00:00Z",,,,,,,,1
"2018-06-17T22:00:00Z","2018-06-17T22:30:00Z",,,,,,,,1
"2018-06-17T22:30:00Z","2018-06-17T23:00:00Z",,,,,,,,1
"2018-06-17T23:00:00Z","2018-06-17T23:30:00Z",,,,,,,,1
"2018-06-17T23:30:00Z","2018-06-18T00:00:00Z",,,,,,,,1
"2018-06-18T00:00:00Z","2018-06-18T00:30:00Z",,,,,,,,1
"2018-06-18T00:30:00Z","2018-06-18T01:00:00Z",,,,,,,,1
"2018-06-18T01:00:00Z","2018-06-18T01:30:00Z",,,,,,,,1
"2018-06-18T01:30:00Z","2018-06-18T02:00:00Z",,,,,,,,1
"2018-06-18T02:00:00Z","2018-06-18T02:30:00Z",,,,,,,,1
"2018-06-18T02:30:00Z","2018-06-18T03:00:00Z",,,,,,,,1
"2018-06-18T03:00:00Z","2018-06-18T03:30:00Z",,,,,,,,1
"2018-06-18T03:30:00Z","2018-06-18T04:00:00Z",,,,,,,,1
"2018-06-18T04:00:00Z","2018-06-18T04:30:00Z",,,,,,,,1
"2018-06-18T04:30:00Z","2018-06-18T05:00:00Z",,,,,,,,1
"2018-06-18T05:00:00Z","2018-06-18T05:30:00Z",,,,,,,,1
"2018-06-18T05:30:00Z","2018-06-18T06:00:00Z",,,,,,,,1
"2018-06-18T06:00:00Z","2018-06-18T06:30:00Z",,,,,,,,1
"2018-06-18T06:30:00Z","2018-06-18T07:00:00Z",,,,,,,,1
"2018-06-18T07:00:00Z","2018-06-18T07:30:00Z",,,,,,,,1
"2018-06-18T07:30:00Z","2018-06-18T08:00:00Z",,,,,,,,1
"2018-06-18T08:00:00Z","2018-06-18T08:30:00Z",,,,,,,,1
"2018-06-18T08:30:00Z","2018-06-18T09:00:00Z",,,,,,,,1
"2018-06-18T09:00:00Z","2018-06-18T09:30:00Z",,,,,,,,1
"2018-06-18T09:30:00Z","2018-06-18T10:00:00Z",,,,,,,,1
"2018-06-18T10:00:00Z","2018-06-18T10:30:00Z",,,,,,,,1
"2018-06-18T10:30:00Z","2018-06-18T11:00:00Z",,,,,,,,1
"2018-06-18T11:00:00Z","2018-06-18T11:30:00Z",,,,,,,,1
"2018-06-18T11:30:00Z","2018-06-18T12:00:00Z",,,,,,,,1
"2018-06-18T12:00:00Z","2018-06-18T12:30:00Z",,,,,,,,1
"2018-06-18T12:30:00Z","2018-06-18T13:00:00Z",,,,,,,,1
"2018-06-18T13:00:00Z","2018-06-18T13:30:00Z",,,,,,,,1
"2018-06-18T13:30:00Z","2018-06-18T14:00:00Z",,,,,,,,1
"2018-06-18T14:00:00Z","2018-06-18T14:30:00Z",,,,,,,,1
"2018-06-18T14:30:00Z","2018-06-18T15:00:00Z",,,,,,,,1
"2018-06-18T15:00:00Z","2018-06-18T15:30:00Z",,,,,,,,1
"2018-06-18T15:30:00Z","2018-06-18T16:00:00Z",,,,,,,,1
"2018-06-18T16:00:00Z","2018-06-18T16:30:00Z",,,,,,,,1
"2018-06-18T16:30:00Z","2018-06-18T17:00:00Z",,,,,,,,1
"2018-06-18T17:00:00Z","2018-06-18T17:30:00Z",,,,,,,,1
"2018-06-18T17:30:00Z","2018-06-18T18:00:00Z",,,,,,,,1
"2018-06-18T18:00:00Z","2018-06-18T18:30:00Z",,,,,,,,1
"2018-06-18T18:30:00Z","2018-06-18T19:00:00Z",,,,,,,,1
"2018-06-18T19:00:00Z","2018-06-18T19:30:00Z",,,,,,,,1
"2018-06-18T19:30:00Z","2018-06-18T20:00:00Z",,,,,,,,1
"2018-06-18T20:00:00Z","2018-06-18T20:30:00Z",,,,,,,,1
"2018-06-18T20:30:00Z","2018-06-18T21:00:00Z",,,,,,,,1
"2018-06-18T21:00:00Z","2018-06-18T21:30:00Z",,,,,,,,1
"2018-06-18T21:30:00Z","2018-06-18T22:00:00Z",,,,,,,,1
"2018-06-18T22:00:00Z","2018-06-18T22:30:00Z",,,,,,,,1
"2018-06-18T22:30:00Z","2018-06-18T23:00:00Z",,,,,,,,1
"2018-06-18T23:00:00Z","2018-06-18T23:30:00Z",,,,,,,,1
"2018-06-18T23:30:00Z","2018-06-19T00:00:00Z",,,,,,,,1
"2018-06-19T00:00:00Z","2018-06-19T00:30:00Z",,,,,,,,1
"2018-06-19T00:30:00Z","2018-06-19T01:00:00Z",,,,,,,,1
"2018-06-19T01:00:00Z","2018-06-19T01:30:00Z",,,,,,,,1
"2018-06-19T01:30:00Z","2018-06-19T02:00:00Z",,,,,,,,1
"2018-06-19T02:00:00Z","2018-06-19T02:30:00Z",,,,,,,,1
"2018-06-19T02:30:00Z","2018-06-19T03:00:00Z",,,,,,,,1
"2018-06-19T03:00:00Z","2018-06-19T03:30:00Z",,,,,,,,1
"2018-06-19T03:30:00Z","2018-06-19T04:00:00Z",,,,,,,,1
"2018-06-19T04:00:00Z","2018-06-19T04:30:00Z",,,,,,,,1
"2018-06-19T04:30:00Z","2018-06-19T05:00:00Z",,,,,,,,1
"2018-06-19T05:00:00Z","2018-06-19T05:30:00Z",,,,,,,,1
"2018-06-19T05:30:00Z","2018-06-19T06:00:00Z",,,,,,,,1
"2018-06-19T06:00:00Z","2018-06-19T06:30:00Z",,,,,,,,1
"2018-06-19T06:30:00Z","2018-06-19T07:00:00Z",,,,,,,,1
"2018-06-19T07:00:00Z","2018-06-19T07:30:00Z",,,,,,,,1
"2018-06-19T07:30:00Z","2018-06-19T08:00:00Z",,,,,,,,1
"2018-06-19T08:00:00Z","2018-06-19T08:30:00Z",,,,,,,,1
"2018-06-19T08:30:00Z","2018-06-19T09:00:00Z",,,,,,,,1
"2018-06-19T09:00:00Z","2018-06-19T09:30:00Z",,,,,,,,1
"2018-06-19T09:30:00Z","2018-06-19T10:00:00Z",,,,,,,,1
"2018-06-19T10:00:00Z","2018-06-19T10:30:00Z",,,,,,,,1
"2018-06-19T10:30:00Z","2018-06-19T11:00:00Z",,,,,,,,1
"2018-06-19T11:00:00Z","2018-06-19T11:30:00Z",,,,,,,,1
"2018-06-19T11:30:00Z","2018-06-19T12:00:00Z",,,,,,,,1
"2018-06-19T12:00:00Z","2018-06-19T12:30:00Z",,,,,,,,1
"2018-06-19T12:30:00Z","2018-06-19T13:00:00Z",,,,,,,,1
"2018-06-19T13:00:00Z","2018-06-19T13:30:00Z",,,,,,,,1
"2018-06-19T13:30:00Z","2018-06-19T14:00:00Z",,,,,,,,1
"2018-06-19T14:00:00Z","2018-06-19T14:30:00Z",,,,,,,,1
"2018-06-19T14:30:00Z","2018-06-19T15:00:00Z",,,,,,,,1
"2018-06-19T15:00:00Z","2018-06-19T15:30:00Z",,,,,,,,1
"2018-06-19T15:30:00Z","2018-06-19T16:00:00Z",,,,,,,,1
"2018-06-19T16:00:00Z","2018-06-19T16:30:00Z",,,,,,,,1
"2018-06-19T16:30:00Z","2018-06-19T17:00:00Z",,,,,,,,1
"2018-06-19T17:00:00Z","2018-06-19T17:30:00Z",,,,,,,,1
"2018-06-19T17:30:00Z","2018-06-19T18:00:00Z",,,,,,,,1
"2018-06-19T18:00:00Z","2018-06-19T18:30:00Z",,,,,,,,1
"2018-06-19T18:30:00Z","2018-06-19T19:00:00Z",,,,,,,,1
"2018-06-19T19:00:00Z","2018-06-19T19:30:00Z",,,,,,,,1
"2018-06-19T19:30:00Z","2018-06-19T20:00:00Z",,,,,,,,1
"2018-06-19T20:00:00Z","2018-06-19T20:30:00Z",,,,,,,,1
"2018-06-19T20:30:00Z","2018-06-19T21:00:00Z",,,,,,,,1
"2018-06-19T21:00:00Z","2018-06-19T21:30:00Z",,,,,,,,1
"2018-06-19T21:30:00Z","2018-06-19T22:00:00Z",,,,,,,,1
"2018-06-19T22:00:00Z","2018-06-19T22:30:00Z",,,,,,,,1
"2018-06-19T22:30:00Z","2018-06-19T23:00:00Z",,,,,,,,1
"2018-06-19T23:00:00Z","2018-06-19T23:30:00Z",,,,,,,,1
"2018-06-19T23:30:00Z","2018-06-20T00:00:00Z",,,,,,,,1
"2018-06-20T00:00:00Z","2018-06-20T00:30:00Z",,,,,,,,1
"2018-06-20T00:30:00Z","2018-06-20T01:00:00Z",,,,,,,,1
"2018-06-20T01:00:00Z","2018-06-20T01:30:00Z",,,,,,,,1
"2018-06-20T01:30:00Z","2018-06-20T02:00:00Z",,,,,,,,1
"2018-06-20T02:00:00Z","2018-06-20T02:30:00Z",,,,,,,,1
"2018-06-20T02:30:00Z","2018-06-20T03:00:00Z",,,,,,,,1
"2018-06-20T03:00:00Z","2018-06-20T03:30:00Z",,,,,,,,1
"2018-06-20T03:30:00Z","2018-06-20T04:00:00Z",,,,,,,,1
"2018-06-20T04:00:00Z","2018-06-20T04:30:00Z",,,,,,,,1
"2018-06-20T04:30:00Z","2018-06-20T05:00:00Z",,,,,,,,1
"2018-06-20T05:00:00Z","2018-06-20T05:30:00Z",,,,,,,,1
"2018-06-20T05:30:00Z","2018-06-20T06:00:00Z",,,,,,,,1
"2018-06-20T06:00:00Z","2018-06-20T06:30:00Z",,,,,,,,1
"2018-06-20T06:30:00Z","2018-06-20T07:00:00Z",,,,,,,,1
"2018-06-20T07:00:00Z","2018-06-20T07:30:00Z",,,,,,,,1
"2018-06-20T07:30:00Z","2018-06-20T08:00:00Z",,,,,,,,1
"2018-06-20T08:00:00Z","2018-06-20T08:30:00Z",,,,,,,,1
"2018-06-20T08:30:00Z","2018-06-20T09:00:00Z",,,,,,,,1
"2018-06-20T09:00:00Z","2018-06-20T09:30:00Z",,,,,,,,1
"2018-06-20T09:30:00Z","2018-06-20T10:00:00Z",,,,,,,,1
"2018-06-20T10:00:00Z","2018-06-20T10:30:00Z",,,,,,,,1
"2018-06-20T10:30:00Z","2018-06-20T11:00:00Z",,,,,,,,1
"2018-06-20T11:00:00Z","2018-06-20T11:30:00Z",,,,,,,,1
"2018-06-20T11:30:00Z","2018-06-20T12:00:00Z",,,,,,,,1
"2018-06-20T12:00:00Z","2018-06-20T12:30:00Z",,,,,,,,1
"2018-06-20T12:30:00Z","2018-06-20T13:00:00Z",,,,,,,,1
"2018-06-20T13:00:00Z","2018-06-20T13:30:00Z",,,,,,,,1
"2018-06-20T13:30:00Z","2018-06-20T14:00:00Z",,,,,,,,1
"2018-06-20T14:00:00Z","2018-06-20T14:30:00Z",,,,,,,,1
"2018-06-20T14:30:00Z","2018-06-20T15:00:00Z",,,,,,,,1
"2018-06-20T15:00:00Z","2018-06-20T15:30:00Z",,,,,,,,1
"2018-06-20T15:30:00Z","2018-06-20T16:00:00Z",,,,,,,,1
"2018-06-20T16:00:00Z","2018-06-20T16:30:00Z",,,,,,,,1
"2018-06-20T16:30:00Z","2018-06-20T17:00:00Z",,,,,,,,1
"2018-06-20T17:00:00Z","2018-06-20T17:30:00Z",,,,,,,,1
"2018-06-20T17:30:00Z","2018-06-20T18:00:00Z",,,,,,,,1
"2018-06-20T18:00:00Z","2018-06-20T18:30:00Z",,,,,,,,1
"2018-06-20T18:30:00Z","2018-06-20T19:00:00Z",,,,,,,,1
"2018-06-20T19:00:00Z","2018-06-20T19:30:00Z",,,,,,,,1
"2018-06-20T19:30:00Z","2018-06-20T20:00:00Z",,,,,,,,1
"2018-06-20T20:00:00Z","2018-06-20T20:30:00Z",,,,,,,,1
"2018-06-20T20:30:00Z","2018-06-20T21:00:00Z",,,,,,,,1
"2018-06-20T21:00:00Z","2018-06-20T21:30:00Z",,,,,,,,1
"2018-06-20T21:30:00Z","2018-06-20T22:00:00Z",,,,,,,,1
"2018-06-20T22:00:00Z","2018-06-20T22:30:00Z",,,,,,,,1
"2018-06-20T22:30:00Z","2018-06-20T23:00:00Z",,,,,,,,1
"2018-06-20T23:00:00Z","2018-06-20T23:30:00Z",,,,,,,,1
"2018-06-20T23:30:00Z","2018-06-21T00:00:00Z",,,,,,,,1
"2018-06-21T00:00:00Z","2018-06-21T00:30:00Z",,,,,,,,1
"2018-06-21T00:30:00Z","2018-06-21T01:00:00Z",,,,,,,,1
"2018-06-21T01:00:00Z","2018-06-21T01:30:00Z",,,,,,,,1
"2018-06-21T01:30:00Z","2018-06-21T02:00:00Z",,,,,,,,1
"2018-06-21T02:00:00Z","2018-06-21T02:30:00Z",,,,,,,,1
"2018-06-21T02:30:00Z","2018-06-21T03:00:00Z",,,,,,,,1
"2018-06-21T03:00:00Z","2018-06-21T03:30:00Z",,,,,,,,1
"2018-06-21T03:30:00Z","2018-06-21T04:00:00Z",,,,,,,,1
"2018-06-21T04:00:00Z","2018-06-21T04:30:00Z",,,,,,,,1
"2018-06-21T04:30:00Z","2018-06-21T05:00:00Z",,,,,,,,1
"2018-06-21T05:00:00Z","2018-06-21T05:30:00Z",,,,,,,,1
"2018-06-21T05:30:00Z","2018-06-21T06:00:00Z",,,,,,,,1
"2018-06-21T06:00:00Z","2018-06-21T06:30:00Z",,,,,,,,1
"2018-06-21T06:30:00Z","2018-06-21T07:00:00Z",,,,,,,,1
"2018-06-21T07:00:00Z","2018-06-21T07:30:00Z",,,,,,,,1
"2018-06-21T07:30:00Z","2018-06-21T08:00:00Z",,,,,,,,1
"2018-06-21T08:00:00Z","2018-06-21T08:30:00Z",,,,,,,,1
"2018-06-21T08:30:00Z","2018-06-21T09:00:00Z",,,,,,,,1
"2018-06-21T09:00:00Z","2018-06-21T09:30:00Z",,,,,,,,1
"2018-06-21T09:30:00Z","2018-06-21T10:00:00Z",,,,,,,,1
"2018-06-21T10:00:00Z","2018-06-21T10:30:00Z",,,,,,,,1
"2018-06-21T10:30:00Z","2018-06-21T11:00:00Z",,,,,,,,1
"2018-06-21T11:00:00Z","2018-06-21T11:30:00Z",,,,,,,,1
"2018-06-21T11:30:00Z","2018-06-21T12:00:00Z",,,,,,,,1
"2018-06-21T12:00:00Z","2018-06-21T12:30:00Z",,,,,,,,1
"2018-06-21T12:30:00Z","2018-06-21T13:00:00Z",,,,,,,,1
"2018-06-21T13:00:00Z","2018-06-21T13:30:00Z",,,,,,,,1
"2018-06-21T13:30:00Z","2018-06-21T14:00:00Z",,,,,,,,1
"2018-06-21T14:00:00Z","2018-06-21T14:30:00Z",,,,,,,,1
"2018-06-21T14:30:00Z","2018-06-21T15:00:00Z",,,,,,,,1
"2018-06-21T15:00:00Z","2018-06-21T15:30:00Z",,,,,,,,1
"2018-06-21T15:30:00Z","2018-06-21T16:00:00Z",,,,,,,,1
"2018-06-21T16:00:00Z","2018-06-21T16:30:00Z",,,,,,,,1
"2018-06-21T16:30:00Z","2018-06-21T17:00:00Z",,,,,,,,1
"2018-06-21T17:00:00Z","2018-06-21T17:30:00Z",,,,,,,,1
"2018-06-21T17:30:00Z","2018-06-21T18:00:00Z",,,,,,,,1
"2018-06-21T18:00:00Z","2018-06-21T18:30:00Z",,,,,,,,1
"2018-06-21T18:30:00Z","2018-06-21T19:00:00Z",,,,,,,,1
"2018-06-21T19:00:00Z","2018-06-21T19:30:00Z",,,,,,,,1
"2018-06-21T19:30:00Z","2018-06-21T20:00:00Z",,,,,,,,1
"2018-06-21T20:00:00Z","2018-06-21T20:30:00Z",,,,,,,,1
"2018-06-21T20:30:00Z","2018-06-21T21:00:00Z",,,,,,,,1
"2018-06-21T21:00:00Z","2018-06-21T21:30:00Z",,,,,,,,1
"2018-06-21T21:30:00Z","2018-06-21T22:00:00Z",,,,,,,,1
"2018-06-21T22:00:00Z","2018-06-21T22:30:00Z",,,,,,,,1
"2018-06-21T22:30:00Z","2018-06-21T23:00:00Z",,,,,,,,1
"2018-06-21T23:00:00Z","2018-06-21T23:30:00Z",,,,,,,,1
"2018-06-21T23:30:00Z","2018-06-22T00:00:00Z",,,,,,,,1
"2018-06-22T00:00:00Z","2018-06-22T00:30:00Z",,,,,,,,1
"2018-06-22T00:30:00Z","2018-06-22T01:00:00Z",,,,,,,,1
"2018-06-22T01:00:00Z","2018-06-22T01:30:00Z",,,,,,,,1
"2018-06-22T01:30:00Z","2018-06-22T02:00:00Z",,,,,,,,1
"2018-06-22T02:00:00Z","2018-06-22T02:30:00Z",,,,,,,,1
"2018-06-22T02:30:00Z","2018-06-22T03:00:00Z",,,,,,,,1
"2018-06-22T03:00:00Z","2018-06-22T03:30:00Z",,,,,,,,1
"2018-06-22T03:30:00Z","2018-06-22T04:00:00Z",,,,,,,,1
"2018-06-22T04:00:00Z","2018-06-22T04:30:00Z",,,,,,,,1
"2018-06-22T04:30:00Z","2018-06-22T05:00:00Z",,,,,,,,1
"2018-06-22T05:00:00Z","2018-06-22T05:30:00Z",,,,,,,,1
"2018-06-22T05:30:00Z","2018-06-22T06:00:00Z",,,,,,,,1
"2018-06-22T06:00:00Z","2018-06-22T06:30:00Z",,,,,,,,1
"2018-06-22T06:30:00Z","2018-06-22T07:00:00Z",,,,,,,,1
"2018-06-22T07:00:00Z","2018-06-22T07:30:00Z",,,,,,,,1
"2018-06-22T07:30:00Z","2018-06-22T08:00:00Z",,,,,,,,1
"2018-06-22T08:00:00Z","2018-06-22T08:30:00Z",,,,,,,,1
"2018-06-22T08:30:00Z","2018-06-22T09:00:00Z",,,,,,,,1
"2018-06-22T09:00:00Z","2018-06-22T09:30:00Z",,,,,,,,1
"2018-06-22T09:30:00Z","2018-06-22T10:00:00Z",,,,,,,,1
"2018-06-22T10:00:00Z","2018-06-22T10:30:00Z",,,,,,,,1
"2018-06-22T10:30:00Z","2018-06-22T11:00:00Z",,,,,,,,1
"2018-06-22T11:00:00Z","2018-06-22T11:30:00Z",,,,,,,,1
"2018-06-22T11:30:00Z","2018-06-22T12:00:00Z",,,,,,,,1
"2018-06-22T12:00:00Z","2018-06-22T12:30:00Z",,,,,,,,1
"2018-06-22T12:30:00Z","2018-06-22T13:00:00Z",,,,,,,,1
"2018-06-22T13:00:00Z","2018-06-22T13:30:00Z",,,,,,,,1
"2018-06-22T13:30:00Z","2018-06-22T14:00:00Z",,,,,,,,1
"2018-06-22T14:00:00Z","2018-06-22T14:30:00Z",,,,,,,,1
"2018-06-22T14:30:00Z","2018-06-22T15:00:00Z",,,,,,,,1
"2018-06-22T15:00:00Z","2018-06-22T15:30:00Z",,,,,,,,1
"2018-06-22T15:30:00Z","2018-06-22T16:00:00Z",,,,,,,,1
"2018-06-22T16:00:00Z","2018-06-22T16:30:00Z",,,,,,,,1
"2018-06-22T16:30:00Z","2018-06-22T17:00:00Z",,,,,,,,1
"2018-06-22T17:00:00Z","2018-06-22T17:30:00Z",,,,,,,,1
"2018-06-22T17:30:00Z","2018-06-22T18:00:00Z",,,,,,,,1
"2018-06-22T18:00:00Z","2018-06-22T18:30:00Z",,,,,,,,1
"2018-06-22T18:30:00Z","2018-06-22T19:00:00Z",,,,,,,,1
"2018-06-22T19:00:00Z","2018-06-22T19:30:00Z",,,,,,,,1
"2018-06-22T19:30:00Z","2018-06-22T20:00:00Z",,,,,,,,1
"2018-06-22T20:00:00Z","2018-06-22T20:30:00Z",,,,,,,,1
"2018-06-22T20:30:00Z","2018-06-22T21:00:00Z",,,,,,,,1
"2018-06-22T21:00:00Z","2018-06-22T21:30:00Z",,,,,,,,1
"2018-06-22T21:30:00Z","2018-06-22T22:00:00Z",,,,,,,,1
"2018-06-22T22:00:00Z","2018-06-22T22:30:00Z",,,,,,,,1
"2018-06-22T22:30:00Z","2018-06-22T23:00:00Z",,,,,,,,1
"2018-06-22T23:00:00Z","2018-06-22T23:30:00Z",,,,,,,,1
"2018-06-22T23:30:00Z","2018-06-23T00:00:00Z",,,,,,,,1
"2018-06-23T00:00:00Z","2018-06-23T00:30:00Z",,,,,,,,1
"2018-06-23T00:30:00Z","2018-06-23T01:00:00Z",,,,,,,,1
"2018-06-23T01:00:00Z","2018-06-23T01:30:00Z",,,,,,,,1
"2018-06-23T01:30:00Z","2018-06-23T02:00:00Z",,,,,,,,1
"2018-06-23T02:00:00Z","2018-06-23T02:30:00Z",,,,,,,,1
"2018-06-23T02:30:00Z","2018-06-23T03:00:00Z",,,,,,,,1
"2018-06-23T03:00:00Z","2018-06-23T03:30:00Z",,,,,,,,1
"2018-06-23T03:30:00Z","2018-06-23T04:00:00Z",,,,,,,,1
"2018-06-23T04:00:00Z","2018-06-23T04:30:00Z",,,,,,,,1
"2018-06-23T04:30:00Z","2018-06-23T05:00:00Z",,,,,,,,1
"2018-06-23T05:00:00Z","2018-06-23T05:30:00Z",,,,,,,,1
"2018-06-23T05:30:00Z","2018-06-23T06:00:00Z",,,,,,,,1
"2018-06-23T06:00:00Z","2018-06-23T06:30:00Z",,,,,,,,1
"2018-06-23T06:30:00Z","2018-06-23T07:00:00Z",,,,,,,,1
"2018-06-23T07:00:00Z","2018-06-23T07:30:00Z",,,,,,,,1
"2018-06-23T07:30:00Z","2018-06-23T08:00:00Z",,,,,,,,1
"2018-06-23T08:00:00Z","2018-06-23T08:30:00Z",,,,,,,,1
"2018-06-23T08:30:00Z","2018-06-23T09:00:00Z",,,,,,,,1
"2018-06-23T09:00:00Z","2018-06-23T09:30:00Z",,,,,,,,1
"2018-06-23T09:30:00Z","2018-06-23T10:00:00Z",,,,,,,,1
"2018-06-23T10:00:00Z","2018-06-23T10:30:00Z",,,,,,,,1
"2018-06-23T10:30:00Z","2018-06-23T11:00:00Z",,,,,,,,1
"2018-06-23T11:00:00Z","2018-06-23T11:30:00Z",,,,,,,,1
"2018-06-23T11:30:00Z","2018-06-23T12:00:00Z",,,,,,,,1
"2018-06-23T12:00:00Z","2018-06-23T12:30:00Z",,,,,,,,1
"2018-06-23T12:30:00Z","2018-06-23T13:00:00Z",,,,,,,,1
"2018-06-23T13:00:00Z","2018-06-23T13:30:00Z",,,,,,,,1
"2018-06-23T13:30:00Z","2018-06-23T14:00:00Z",,,,,,,,1
"2018-06-23T14:00:00Z","2018-06-23T14:30:00Z",,,,,,,,1
"2018-06-23T14:30:00Z","2018-06-23T15:00:00Z",,,,,,,,1
"2018-06-23T15:00:00Z","2018-06-23T15:30:00Z",,,,,,,,1
"2018-06-23T15:30:00Z","2018-06-23T16:00:00Z",,,,,,,,1
"2018-06-23T16:00:00Z","2018-06-23T16:30:00Z",,,,,,,,1
"2018-06-23T16:30:00Z","2018-06-23T17:00:00Z",,,,,,,,1
"2018-06-23T17:00:00Z","2018-06-23T17:30:00Z",,,,,,,,1
"2018-06-23T17:30:00Z","2018-06-23T18:00:00Z",,,,,,,,1
"2018-06-23T18:00:00Z","2018-06-23T18:30:00Z",,,,,,,,1
"2018-06-23T18:30:00Z","2018-06-23T19:00:00Z",,,,,,,,1
"2018-06-23T19:00:00Z","2018-06-23T19:30:00Z",,,,,,,,1
"2018-06-23T19:30:00Z","2018-06-23T20:00:00Z",,,,,,,,1
"2018-06-23T20:00:00Z","2018-06-23T20:30:00Z",,,,,,,,1
"2018-06-23T20:30:00Z","2018-06-23T21:00:00Z",,,,,,,,1
"2018-06-23T21:00:00Z","2018-06-23T21:30:00Z",,,,,,,,1
"2018-06-23T21:30:00Z","2018-06-23T22:00:00Z",,,,,,,,1
"2018-06-23T22:00:00Z","2018-06-23T22:30:00Z",,,,,,,,1
"2018-06-23T22:30:00Z","2018-06-23T23:00:00Z",,,,,,,,1
"2018-06-23T23:00:00Z","2018-06-23T23:30:00Z",,,,,,,,1
"2018-06-23T23:30:00Z","2018-06-24T00:00:00Z",,,,,,,,1
"2018-06-24T00:00:00Z","2018-06-24T00:30:00Z",,,,,,,,1
"2018-06-24T00:30:00Z","2018-06-24T01:00:00Z",,,,,,,,1
"2018-06-24T01:00:00Z","2018-06-24T01:30:00Z",,,,,,,,1
"2018-06-24T01:30:00Z","2018-06-24T02:00:00Z",,,,,,,,1
"2018-06-24T02:00:00Z","2018-06-24T02:30:00Z",,,,,,,,1
"2018-06-24T02:30:00Z","2018-06-24T03:00:00Z",,,,,,,,1
"2018-06-24T03:00:00Z","2018-06-24T03:30:00Z",,,,,,,,1
"2018-06-24T03:30:00Z","2018-06-24T04:00:00Z",,,,,,,,1
"2018-06-24T04:00:00Z","2018-06-24T04:30:00Z",,,,,,,,1
"2018-06-24T04:30:00Z","2018-06-24T05:00:00Z",,,,,,,,1
"2018-06-24T05:00:00Z","2018-06-24T05:30:00Z",,,,,,,,1
"2018-06-24T05:30:00Z","2018-06-24T06:00:00Z",,,,,,,,1
"2018-06-24T06:00:00Z","2018-06-24T06:30:00Z",,,,,,,,1
"2018-06-24T06:30:00Z","2018-06-24T07:00:00Z",,,,,,,,1
"2018-06-24T07:00:00Z","2018-06-24T07:30:00Z",,,,,,,,1
"2018-06-24T07:30:00Z","2018-06-24T08:00:00Z",,,,,,,,1
"2018-06-24T08:00:00Z","2018-06-24T08:30:00Z",,,,,,,,1
"2018-06-24T08:30:00Z","2018-06-24T09:00:00Z",,,,,,,,1
"2018-06-24T09:00:00Z","2018-06-24T09:30:00Z",,,,,,,,1
"2018-06-24T09:30:00Z","2018-06-24T10:00:00Z",,,,,,,,1
"2018-06-24T10:00:00Z","2018-06-24T10:30:00Z",,,,,,,,1
"2018-06-24T10:30:00Z","2018-06-24T11:00:00Z",,,,,,,,1
"2018-06-24T11:00:00Z","2018-06-24T11:30:00Z",,,,,,,,1
"2018-06-24T11:30:00Z","2018-06-24T12:00:00Z",,,,,,,,1
"2018-06-24T12:00:00Z","2018-06-24T12:30:00Z",,,,,,,,1
"2018-06-24T12:30:00Z","2018-06-24T13:00:00Z",,,,,,,,1
"2018-06-24T13:00:00Z","2018-06-24T13:30:00Z",,,,,,,,1
"2018-06-24T13:30:00Z","2018-06-24T14:00:00Z",,,,,,,,1
"2018-06-24T14:00:00Z","2018-06-24T14:30:00Z",,,,,,,,1
"2018-06-24T14:30:00Z","2018-06-24T15:00:00Z",,,,,,,,1
"2018-06-24T15:00:00Z","2018-06-24T15:30:00Z",,,,,,,,1
"2018-06-24T15:30:00Z","2018-06-24T16:00:00Z",,,,,,,,1
"2018-06-24T16:00:00Z","2018-06-24T16:30:00Z",,,,,,,,1
"2018-06-24T16:30:00Z","2018-06-24T17:00:00Z",,,,,,,,1
"2018-06-24T17:00:00Z","2018-06-24T17:30:00Z",,,,,,,,1
"2018-06-24T17:30:00Z","2018-06-24T18:00:00Z",,,,,,,,1
"2018-06-24T18:00:00Z","2018-06-24T18:30:00Z",,,,,,,,1
"2018-06-24T18:30:00Z","2018-06-24T19:00:00Z",,,,,,,,1
"2018-06-24T19:00:00Z","2018-06-24T19:30:00Z",,,,,,,,1
"2018-06-24T19:30:00Z","2018-06-24T20:00:00Z",,,,,,,,1
"2018-06-24T20:00:00Z","2018-06-24T20:30:00Z",,,,,,,,1
"2018-06-24T20:30:00Z","2018-06-24T21:00:00Z",,,,,,,,1
"2018-06-24T21:00:00Z","2018-06-24T21:30:00Z",,,,,,,,1
"2018-06-24T21:30:00Z","2018-06-24T22:00:00Z",,,,,,,,1
"2018-06-24T22:00:00Z","2018-06-24T22:30:00Z",,,,,,,,1
"2018-06-24T22:30:00Z","2018-06-24T23:00:00Z",,,,,,,,1
"2018-06-24T23:00:00Z","2018-06-24T23:30:00Z",,,,,,,,1
"2018-06-24T23:30:00Z","2018-06-25T00:00:00Z",,,,,,,,1
"2018-06-25T00:00:00Z","2018-06-25T00:30:00Z",,,,,,,,1
"2018-06-25T00:30:00Z","2018-06-25T01:00:00Z",,,,,,,,1
"2018-06-25T01:00:00Z","2018-06-25T01:30:00Z",,,,,,,,1
"2018-06-25T01:30:00Z","2018-06-25T02:00:00Z",,,,,,,,1
"2018-06-25T02:00:00Z","2018-06-25T02:30:00Z",,,,,,,,1
"2018-06-25T02:30:00Z","2018-06-25T03:00:00Z",,,,,,,,1
"2018-06-25T03:00:00Z","2018-06-25T03:30:00Z",,,,,,,,1
"2018-06-25T03:30:00Z","2018-06-25T04:00:00Z",,,,,,,,1
"2018-06-25T04:00:00Z","2018-06-25T04:30:00Z",,,,,,,,1
"2018-06-25T04:30:00Z","2018-06-25T05:00:00Z",,,,,,,,1
"2018-06-25T05:00:00Z","2018-06-25T05:30:00Z",,,,,,,,1
"2018-06-25T05:30:00Z","2018-06-25T06:00:00Z",,,,,,,,1
"2018-06-25T06:00:00Z","2018-06-25T06:30:00Z",,,,,,,,1
"2018-06-25T06:30:00Z","2018-06-25T07:00:00Z",,,,,,,,1
"2018-06-25T07:00:00Z","2018-06-25T07:30:00Z",,,,,,,,1
"2018-06-25T07:30:00Z","2018-06-25T08:00:00Z",,,,,,,,1
"2018-06-25T08:00:00Z","2018-06-25T08:30:00Z",,,,,,,,1
"2018-06-25T08:30:00Z","2018-06-25T09:00:00Z",,,,,,,,1
"2018-06-25T09:00:00Z","2018-06-25T09:30:00Z",,,,,,,,1
"2018-06-25T09:30:00Z","2018-06-25T10:00:00Z",,,,,,,,1
"2018-06-25T10:00:00Z","2018-06-25T10:30:00Z",,,,,,,,1
"2018-06-25T10:30:00Z","2018-06-25T11:00:00Z",,,,,,,,1
"2018-06-25T11:00:00Z","2018-06-25T11:30:00Z",,,,,,,,1
"2018-06-25T11:30:00Z","2018-06-25T12:00:00Z",,,,,,,,1
"2018-06-25T12:00:00Z","2018-06-25T12:30:00Z",,,,,,,,1
"2018-06-25T12:30:00Z","2018-06-25T13:00:00Z",,,,,,,,1
"2018-06-25T13:00:00Z","2018-06-25T13:30:00Z",,,,,,,,1
"2018-06-25T13:30:00Z","2018-06-25T14:00:00Z",,,,,,,,1
"2018-06-25T14:00:00Z","2018-06-25T14:30:00Z",,,,,,,,1
"2018-06-25T14:30:00Z","2018-06-25T15:00:00Z",,,,,,,,1
"2018-06-25T15:00:00Z","2018-06-25T15:30:00Z",,,,,,,,1
"2018-06-25T15:30:00Z","2018-06-25T16:00:00Z",,,,,,,,1
"2018-06-25T16:00:00Z","2018-06-25T16:30:00Z",,,,,,,,1
"2018-06-25T16:30:00Z","2018-06-25T17:00:00Z",,,,,,,,1
"2018-06-25T17:00:00Z","2018-06-25T17:30:00Z",,,,,,,,1
"2018-06-25T17:30:00Z","2018-06-25T18:00:00Z",,,,,,,,1
"2018-06-25T18:00:00Z","2018-06-25T18:30:00Z",,,,,,,,1
"2018-06-25T18:30:00Z","2018-06-25T19:00:00Z",,,,,,,,1
"2018-06-25T19:00:00Z","2018-06-25T19:30:00Z",,,,,,,,1
"2018-06-25T19:30:00Z","2018-06-25T20:00:00Z",,,,,,,,1
"2018-06-25T20:00:00Z","2018-06-25T20:30:00Z",,,,,,,,1
"2018-06-25T20:30:00Z","2018-06-25T21:00:00Z",,,,,,,,1
"2018-06-25T21:00:00Z","2018-06-25T21:30:00Z",,,,,,,,1
"2018-06-25T21:30:00Z","2018-06-25T22:00:00Z",,,,,,,,1
"2018-06-25T22:00:00Z","2018-06-25T22:30:00Z",,,,,,,,1
"2018-06-25T22:30:00Z","2018-06-25T23:00:00Z",,,,,,,,1
"2018-06-25T23:00:00Z","2018-06-25T23:30:00Z",,,,,,,,1
"2018-06-25T23:30:00Z","2018-06-26T00:00:00Z",,,,,,,,1
"2018-06-26T00:00:00Z","2018-06-26T00:30:00Z",,,,,,,,1
"2018-06-26T00:30:00Z","2018-06-26T01:00:00Z",,,,,,,,1
"2018-06-26T01:00:00Z","2018-06-26T01:30:00Z",,,,,,,,1
"2018-06-26T01:30:00Z","2018-06-26T02:00:00Z",,,,,,,,1
"2018-06-26T02:00:00Z","2018-06-26T02:30:00Z",,,,,,,,1
"2018-06-26T02:30:00Z","2018-06-26T03:00:00Z",,,,,,,,1
"2018-06-26T03:00:00Z","2018-06-26T03:30:00Z",,,,,,,,1
"2018-06-26T03:30:00Z","2018-06-26T04:00:00Z",,,,,,,,1
"2018-06-26T04:00:00Z","2018-06-26T04:30:00Z",,,,,,,,1
"2018-06-26T04:30:00Z","2018-06-26T05:00:00Z",,,,,,,,1
"2018-06-26T05:00:00Z","2018-06-26T05:30:00Z",,,,,,,,1
"2018-06-26T05:30:00Z","2018-06-26T06:00:00Z",,,,,,,,1
"2018-06-26T06:00:00Z","2018-06-26T06:30:00Z",,,,,,,,1
"2018-06-26T06:30:00Z","2018-06-26T07:00:00Z",,,,,,,,1
"2018-06-26T07:00:00Z","2018-06-26T07:30:00Z",,,,,,,,1
"2018-06-26T07:30:00Z","2018-06-26T08:00:00Z",,,,,,,,1
"2018-06-26T08:00:00Z","2018-06-26T08:30:00Z",,,,,,,,1
"2018-06-26T08:30:00Z","2018-06-26T09:00:00Z",,,,,,,,1
"2018-06-26T09:00:00Z","2018-06-26T09:30:00Z",,,,,,,,1
"2018-06-26T09:30:00Z","2018-06-26T10:00:00Z",,,,,,,,1
"2018-06-26T10:00:00Z","2018-06-26T10:30:00Z",,,,,,,,1
"2018-06-26T10:30:00Z","2018-06-26T11:00:00Z",,,,,,,,1
"2018-06-26T11:00:00Z","2018-06-26T11:30:00Z",,,,,,,,1
"2018-06-26T11:30:00Z","2018-06-26T12:00:00Z",,,,,,,,1
"2018-06-26T12:00:00Z","2018-06-26T12:30:00Z",,,,,,,,1
"2018-06-26T12:30:00Z","2018-06-26T13:00:00Z",,,,,,,,1
"2018-06-26T13:00:00Z","2018-06-26T13:30:00Z",,,,,,,,1
"2018-06-26T13:30:00Z","2018-06-26T14:00:00Z",,,,,,,,1
"2018-06-26T14:00:00Z","2018-06-26T14:30:00Z",,,,,,,,1
"2018-06-26T14:30:00Z","2018-06-26T15:00:00Z",,,,,,,,1
"2018-06-26T15:00:00Z","2018-06-26T15:30:00Z",,,,,,,,1
"2018-06-26T15:30:00Z","2018-06-26T16:00:00Z",,,,,,,,1
"2018-06-26T16:00:00Z","2018-06-26T16:30:00Z",,,,,,,,1
"2018-06-26T16:30:00Z","2018-06-26T17:00:00Z",,,,,,,,1
"2018-06-26T17:00:00Z","2018-06-26T17:30:00Z",,,,,,,,1
"2018-06-26T17:30:00Z","2018-06-26T18:00:00Z",,,,,,,,1
"2018-06-26T18:00:00Z","2018-06-26T18:30:00Z",,,,,,,,1
"2018-06-26T18:30:00Z","2018-06-26T19:00:00Z",,,,,,,,1
"2018-06-26T19:00:00Z","2018-06-26T19:30:00Z",,,,,,,,1
"2018-06-26T19:30:00Z","2018-06-26T20:00:00Z",,,,,,,,1
"2018-06-26T20:00:00Z","2018-06-26T20:30:00Z",,,,,,,,1
"2018-06-26T20:30:00Z","2018-06-26T21:00:00Z",,,,,,,,1
"2018-06-26T21:00:00Z","2018-06-26T21:30:00Z",,,,,,,,1
"2018-06-26T21:30:00Z","2018-06-26T22:00:00Z",,,,,,,,1
"2018-06-26T22:00:00Z","2018-06-26T22:30:00Z",,,,,,,,1
"2018-06-26T22:30:00Z","2018-06-26T23:00:00Z",,,,,,,,1
"2018-06-26T23:00:00Z","2018-06-26T23:30:00Z",,,,,,,,1
"2018-06-26T23:30:00Z","2018-06-27T00:00:00Z",,,,,,,,1
"2018-06-27T00:00:00Z","2018-06-27T00:30:00Z",,,,,,,,1
"2018-06-27T00:30:00Z","2018-06-27T01:00:00Z",,,,,,,,1
"2018-06-27T01:00:00Z","2018-06-27T01:30:00Z",,,,,,,,1
"2018-06-27T01:30:00Z","2018-06-27T02:00:00Z",,,,,,,,1
"2018-06-27T02:00:00Z","2018-06-27T02:30:00Z",,,,,,,,1
"2018-06-27T02:30:00Z","2018-06-27T03:00:00Z",,,,,,,,1
"2018-06-27T03:00:00Z","2018-06-27T03:30:00Z",,,,,,,,1
"2018-06-27T03:30:00Z","2018-06-27T04:00:00Z",,,,,,,,1
"2018-06-27T04:00:00Z","2018-06-27T04:30:00Z",,,,,,,,1
"2018-06-27T04:30:00Z","2018-06-27T05:00:00Z",,,,,,,,1
"2018-06-27T05:00:00Z","2018-06-27T05:30:00Z",,,,,,,,1
"2018-06-27T05:30:00Z","2018-06-27T06:00:00Z",,,,,,,,1
"2018-06-27T06:00:00Z","2018-06-27T06:30:00Z",,,,,,,,1
"2018-06-27T06:30:00Z","2018-06-27T07:00:00Z",,,,,,,,1
"2018-06-27T07:00:00Z","2018-06-27T07:30:00Z",,,,,,,,1
"2018-06-27T07:30:00Z","2018-06-27T08:00:00Z",,,,,,,,1
"2018-06-27T08:00:00Z","2018-06-27T08:30:00Z",,,,,,,,1
"2018-06-27T08:30:00Z","2018-06-27T09:00:00Z",,,,,,,,1
"2018-06-27T09:00:00Z","2018-06-27T09:30:00Z",19.1225,19.0850,19.1724,0.0006,1140.0000,0.0190,0.0007,1
"2018-06-27T09:30:00Z","2018-06-27T10:00:00Z",19.0092,18.8972,19.1296,0.0058,1800.0000,0.0193,0.0018,0
"2018-06-27T10:00:00Z","2018-06-27T10:30:00Z",18.9557,18.9186,19.0079,0.0006,1800.0000,0.0190,0.0006,0
"2018-06-27T10:30:00Z","2018-06-27T11:00:00Z",19.0261,18.9858,19.0728,0.0005,1800.0000,0.0190,0.0005,0
"2018-06-27T11:00:00Z","2018-06-27T11:30:00Z",19.0940,19.0234,19.2057,0.0026,1800.0000,0.0191,0.0012,0
"2018-06-27T11:30:00Z","2018-06-27T12:00:00Z",19.0260,18.9238,19.1250,0.0041,1800.0000,0.0192,0.0015,0
"2018-06-27T12:00:00Z","2018-06-27T12:30:00Z",19.0090,18.9117,19.1924,0.0065,1800.0000,0.0194,0.0019,0
"2018-06-27T12:30:00Z","2018-06-27T13:00:00Z",19.2312,19.1708,19.3161,0.0012,1800.0000,0.0191,0.0008,0
"2018-06-27T13:00:00Z","2018-06-27T13:30:00Z",19.4148,19.2690,19.5750,0.0067,1800.0000,0.0194,0.0019,0
"2018-06-27T13:30:00Z","2018-06-27T14:00:00Z",19.8876,19.5729,20.2312,0.0295,1800.0000,0.0207,0.0040,0
"2018-06-27T14:00:00Z","2018-06-27T14:30:00Z",20.5671,20.2323,21.0908,0.0377,1800.0000,0.0212,0.0046,0
"2018-06-27T14:30:00Z","2018-06-27T15:00:00Z",21.4079,21.0908,21.6295,0.0116,1800.0000,0.0198,0.0025,0
"2018-06-27T15:00:00Z","2018-06-27T15:30:00Z",20.8616,20.5523,21.3105,0.0676,1800.0000,0.0227,0.0061,0
"2018-06-27T15:30:00Z","2018-06-27T16:00:00Z",20.8982,20.6862,21.2157,0.0323,1800.0000,0.0209,0.0042,0
"2018-06-27T16:00:00Z","2018-06-27T16:30:00Z",21.6321,21.2129,21.8993,0.0440,1800.0000,0.0215,0.0049,0
"2018-06-27T16:30:00Z","2018-06-27T17:00:00Z",22.2462,21.7805,22.4800,0.0326,1800.0000,0.0210,0.0043,0
"2018-06-27T17:00:00Z","2018-06-27T17:30:00Z",22.0540,21.9703,22.2367,0.0059,1800.0000,0.0195,0.0018,0
"2018-06-27T17:30:00Z","2018-06-27T18:00:00Z",22.2322,22.0820,22.3538,0.0041,1800.0000,0.0194,0.0015,0
"2018-06-27T18:00:00Z","2018-06-27T18:30:00Z",22.1290,22.0228,22.2415,0.0046,1800.0000,0.0194,0.0016,0
"2018-06-27T18:30:00Z","2018-06-27T19:00:00Z",22.2424,22.1069,22.3285,0.0026,1800.0000,0.0193,0.0012,0
"2018-06-27T19:00:00Z","2018-06-27T19:30:00Z",22.5493,22.3246,22.7861,0.0173,1800.0000,0.0202,0.0031,0
"2018-06-27T19:30:00Z","2018-06-27T20:00:00Z",22.8545,22.7695,22.9597,0.0027,1800.0000,0.0193,0.0012,0
"2018-06-27T20:00:00Z","2018-06-27T20:30:00Z",23.1305,22.8880,23.6296,0.0575,1800.0000,0.0223,0.0056,0
"2018-06-27T20:30:00Z","2018-06-27T21:00:00Z",24.4061,23.6307,25.5263,0.2483,1800.0000,0.0304,0.0117,0
"2018-06-27T21:00:00Z","2018-06-27T21:30:00Z",25.2185,24.9488,25.5436,0.0316,1800.0000,0.0211,0.0042,0
"2018-06-27T21:30:00Z","2018-06-27T22:00:00Z",24.4365,24.2313,24.9513,0.0457,1800.0000,0.0218,0.0050,0
"2018-06-27T22:00:00Z","2018-06-27T22:30:00Z",24.6563,24.2391,24.9720,0.0772,1800.0000,0.0233,0.0066,0
"2018-06-27T22:30:00Z","2018-06-27T23:00:00Z",24.2371,24.1257,24.5611,0.0106,1800.0000,0.0199,0.0024,0
"2018-06-27T23:00:00Z","2018-06-27T23:30:00Z",24.3468,24.2127,24.4112,0.0019,1800.0000,0.0194,0.0010,0
"2018-06-27T23:30:00Z","2018-06-28T00:00:00Z",24.3387,24.2502,24.4232,0.0027,1800.0000,0.0194,0.0012,0
"2018-06-28T00:00:00Z","2018-06-28T00:30:00Z",24.1363,24.0135,24.2763,0.0049,1800.0000,0.0195,0.0017,0
"2018-06-28T00:30:00Z","2018-06-28T01:00:00Z",23.7865,23.5601,24.0143,0.0307,1800.0000,0.0209,0.0041,0
"2018-06-28T01:00:00Z","2018-06-28T01:30:00Z",23.6055,23.5602,23.6464,0.0004,1800.0000,0.0192,0.0005,0
"2018-06-28T01:30:00Z","2018-06-28T02:00:00Z",23.5494,23.4366,23.6496,0.0032,1800.0000,0.0194,0.0013,0
"2018-06-28T02:00:00Z","2018-06-28T02:30:00Z",23.4974,23.4173,23.5982,0.0032,1800.0000,0.0194,0.0013,0
"2018-06-28T02:30:00Z","2018-06-28T03:00:00Z",23.3554,23.2320,23.5197,0.0100,1800.0000,0.0198,0.0024,0
"2018-06-28T03:00:00Z","2018-06-28T03:30:00Z",23.2230,22.7313,23.3786,0.0289,1800.0000,0.0208,0.0040,0
"2018-06-28T03:30:00Z","2018-06-28T04:00:00Z",22.6580,22.4215,22.8091,0.0097,1800.0000,0.0197,0.0023,0
"2018-06-28T04:00:00Z","2018-06-28T04:30:00Z",22.4909,22.3111,22.7068,0.0122,1800.0000,0.0199,0.0026,0
"2018-06-28T04:30:00Z","2018-06-28T05:00:00Z",22.5153,22.2434,22.9937,0.0363,1800.0000,0.0212,0.0045,0
"2018-06-28T05:00:00Z","2018-06-28T05:30:00Z",23.3459,22.9810,24.0115,0.0775,1800.0000,0.0233,0.0066,0
"2018-06-28T05:30:00Z","2018-06-28T06:00:00Z",24.1936,23.9321,24.4079,0.0226,1800.0000,0.0205,0.0035,0
"2018-06-28T06:00:00Z","2018-06-28T06:30:00Z",23.5748,23.0749,24.2475,0.1747,1800.0000,0.0275,0.0099,0
"2018-06-28T06:30:00Z","2018-06-28T07:00:00Z",23.2942,22.9239,23.5186,0.0342,1800.0000,0.0211,0.0044,0
"2018-06-28T07:00:00Z","2018-06-28T07:30:00Z",23.5090,23.3158,23.7472,0.0193,1800.0000,0.0203,0.0033,0
"2018-06-28T07:30:00Z","2018-06-28T08:00:00Z",22.9041,22.1614,23.6015,0.1617,1800.0000,0.0270,0.0095,0
"2018-06-28T08:00:00Z","2018-06-28T08:30:00Z",21.7055,21.3264,22.1603,0.0447,1800.0000,0.0216,0.0050,0
"2018-06-28T08:30:00Z","2018-06-28T09:00:00Z",21.4893,21.2556,21.7942,0.0276,1800.0000,0.0207,0.0039,0
"2018-06-28T09:00:00Z","2018-06-28T09:30:00Z",21.3560,21.1388,21.5357,0.0158,1800.0000,0.0200,0.0030,0
"2018-06-28T09:30:00Z","2018-06-28T10:00:00Z",21.5035,21.3449,21.6771,0.0094,1800.0000,0.0197,0.0023,0
"2018-06-28T10:00:00Z","2018-06-28T10:30:00Z",21.8565,21.3785,22.5283,0.1584,1800.0000,0.0268,0.0094,0
"2018-06-28T10:30:00Z","2018-06-28T11:00:00Z",22.4399,22.1043,22.6427,0.0178,1800.0000,0.0202,0.0031,0
"2018-06-28T11:00:00Z","2018-06-28T11:30:00Z",22.3376,22.1772,22.4018,0.0019,1800.0000,0.0193,0.0010,0
"2018-06-28T11:30:00Z","2018-06-28T12:00:00Z",22.6852,22.3690,22.9046,0.0290,1800.0000,0.0208,0.0040,0
"2018-06-28T12:00:00Z","2018-06-28T12:30:00Z",23.3614,22.8463,23.8327,0.0896,1800.0000,0.0239,0.0071,0
"2018-06-28T12:30:00Z","2018-06-28T13:00:00Z",23.9681,23.8033,24.2276,0.0136,1800.0000,0.0200,0.0027,0
"2018-06-28T13:00:00Z","2018-06-28T13:30:00Z",24.3962,24.1490,24.6937,0.0207,1800.0000,0.0204,0.0034,0
"2018-06-28T13:30:00Z","2018-06-28T14:00:00Z",24.9535,24.6848,25.2484,0.0253,1800.0000,0.0207,0.0038,0
"2018-06-28T14:00:00Z","2018-06-28T14:30:00Z",25.4497,25.0993,25.9180,0.0456,1800.0000,0.0218,0.0050,0
"2018-06-28T14:30:00Z","2018-06-28T15:00:00Z",26.1373,25.9137,26.3355,0.0145,1800.0000,0.0202,0.0028,0
"2018-06-28T15:00:00Z","2018-06-28T15:30:00Z",26.4564,26.1328,26.7444,0.0311,1800.0000,0.0211,0.0042,0
"2018-06-28T15:30:00Z","2018-06-28T16:00:00Z",26.8503,26.5158,27.1262,0.0296,1800.0000,0.0210,0.0041,0
"2018-06-28T16:00:00Z","2018-06-28T16:30:00Z",27.4194,27.0412,27.6543,0.0203,1800.0000,0.0206,0.0034,0
"2018-06-28T16:30:00Z","2018-06-28T17:00:00Z",27.1200,26.8927,27.5027,0.0304,1800.0000,0.0211,0.0041,0
"2018-06-28T17:00:00Z","2018-06-28T17:30:00Z",27.4280,26.8635,28.2175,0.1151,1800.0000,0.0252,0.0080,0
"2018-06-28T17:30:00Z","2018-06-28T18:00:00Z",27.6460,26.8222,28.5556,0.3247,1800.0000,0.0332,0.0134,0
"2018-06-28T18:00:00Z","2018-06-28T18:30:00Z",27.6606,27.1037,28.6871,0.1693,1800.0000,0.0275,0.0097,0
"2018-06-28T18:30:00Z","2018-06-28T19:00:00Z",27.7145,27.1224,28.9014,0.2874,1800.0000,0.0319,0.0126,0
"2018-06-28T19:00:00Z","2018-06-28T19:30:00Z",27.7820,27.1186,28.8086,0.2559,1800.0000,0.0308,0.0119,0
"2018-06-28T19:30:00Z","2018-06-28T20:00:00Z",27.7058,27.1254,28.2949,0.1173,1800.0000,0.0253,0.0081,0
"2018-06-28T20:00:00Z","2018-06-28T20:30:00Z",29.0052,27.6336,29.8721,0.5521,1800.0000,0.0401,0.0175,0
"2018-06-28T20:30:00Z","2018-06-28T21:00:00Z",29.2554,28.3706,29.6998,0.0800,1800.0000,0.0237,0.0067,0
"2018-06-28T21:00:00Z","2018-06-28T21:30:00Z",27.4421,26.9116,28.3679,0.1118,1800.0000,0.0250,0.0079,0
"2018-06-28T21:30:00Z","2018-06-28T22:00:00Z",27.7623,27.3562,28.0167,0.0176,1800.0000,0.0204,0.0031,0
"2018-06-28T22:00:00Z","2018-06-28T22:30:00Z",27.7954,27.5135,28.1046,0.0201,1800.0000,0.0206,0.0033,0
"2018-06-28T22:30:00Z","2018-06-28T23:00:00Z",27.4196,27.1007,27.6339,0.0209,1800.0000,0.0206,0.0034,0
"2018-06-28T23:00:00Z","2018-06-28T23:30:00Z",27.0825,26.9299,27.1925,0.0042,1800.0000,0.0196,0.0015,0
"2018-06-28T23:30:00Z","2018-06-29T00:00:00Z",26.7512,26.5170,26.9406,0.0224,1800.0000,0.0206,0.0035,0
"2018-06-29T00:00:00Z","2018-06-29T00:30:00Z",26.1525,25.8957,26.5242,0.0294,1800.0000,0.0210,0.0040,0
"2018-06-29T00:30:00Z","2018-06-29T01:00:00Z",25.4498,24.9000,25.8970,0.0998,1800.0000,0.0244,0.0074,0
"2018-06-29T01:00:00Z","2018-06-29T01:30:00Z",24.9548,24.7890,25.1254,0.0155,1800.0000,0.0202,0.0029,0
"2018-06-29T01:30:00Z","2018-06-29T02:00:00Z",24.9380,24.7100,25.0846,0.0080,1800.0000,0.0198,0.0021,0
"2018-06-29T02:00:00Z","2018-06-29T02:30:00Z",24.5487,24.4278,24.7126,0.0064,1800.0000,0.0196,0.0019,0
"2018-06-29T02:30:00Z","2018-06-29T03:00:00Z",24.2596,23.9284,24.5316,0.0444,1800.0000,0.0217,0.0050,0
"2018-06-29T03:00:00Z","2018-06-29T03:30:00Z",23.8075,23.6423,23.9993,0.0193,1800.0000,0.0203,0.0033,0
"2018-06-29T03:30:00Z","2018-06-29T04:00:00Z",23.7275,23.5792,23.8364,0.0075,1800.0000,0.0197,0.0020,0
"2018-06-29T04:00:00Z","2018-06-29T04:30:00Z",23.2580,22.9339,23.5903,0.0445,1800.0000,0.0216,0.0050,0
"2018-06-29T04:30:00Z","2018-06-29T05:00:00Z",22.8256,22.3874,23.0009,0.0311,1800.0000,0.0209,0.0042,0
"2018-06-29T05:00:00Z","2018-06-29T05:30:00Z",22.7540,22.3903,23.0378,0.0342,1800.0000,0.0211,0.0044,0
"2018-06-29T05:30:00Z","2018-06-29T06:00:00Z",23.2487,23.0359,23.2971,0.0029,1800.0000,0.0194,0.0013,0
"2018-06-29T06:00:00Z","2018-06-29T06:30:00Z",23.1662,23.0309,23.2956,0.0094,1800.0000,0.0197,0.0023,0
"2018-06-29T06:30:00Z","2018-06-29T07:00:00Z",23.0411,22.9113,23.1301,0.0049,1800.0000,0.0195,0.0016,0
"2018-06-29T07:00:00Z","2018-06-29T07:30:00Z",22.8276,22.7611,22.9171,0.0021,1800.0000,0.0193,0.0011,0
"2018-06-29T07:30:00Z","2018-06-29T08:00:00Z",22.7829,22.5659,22.8887,0.0078,1800.0000,0.0196,0.0021,0
"2018-06-29T08:00:00Z","2018-06-29T08:30:00Z",22.3190,22.0999,22.5659,0.0094,1800.0000,0.0197,0.0023,0
"2018-06-29T08:30:00Z","2018-06-29T09:00:00Z",21.6316,21.4590,22.0995,0.0353,1800.0000,0.0211,0.0044,0
"2018-06-29T09:00:00Z","2018-06-29T09:30:00Z",21.4592,21.2240,21.5980,0.0095,1800.0000,0.0197,0.0023,0
"2018-06-29T09:30:00Z","2018-06-29T10:00:00Z",21.6048,21.1762,22.0490,0.1264,1800.0000,0.0254,0.0084,0
"2018-06-29T10:00:00Z","2018-06-29T10:30:00Z",21.9740,21.8263,22.0447,0.0022,1800.0000,0.0193,0.0011,0
"2018-06-29T10:30:00Z","2018-06-29T11:00:00Z",21.3336,21.0635,21.8243,0.0232,1800.0000,0.0204,0.0036,0
"2018-06-29T11:00:00Z","2018-06-29T11:30:00Z",21.0679,20.9054,21.1887,0.0093,1800.0000,0.0196,0.0023,0
"2018-06-29T11:30:00Z","2018-06-29T12:00:00Z",21.5004,21.1843,21.9460,0.0510,1800.0000,0.0219,0.0053,0
"2018-06-29T12:00:00Z","2018-06-29T12:30:00Z",22.0124,21.8213,22.2770,0.0187,1800.0000,0.0202,0.0032,0
"2018-06-29T12:30:00Z","2018-06-29T13:00:00Z",22.4800,22.2760,22.8025,0.0218,1800.0000,0.0204,0.0035,0
"2018-06-29T13:00:00Z","2018-06-29T13:30:00Z",23.1632,22.8016,23.3210,0.0266,1800.0000,0.0207,0.0038,0
"2018-06-29T13:30:00Z","2018-06-29T14:00:00Z",23.5852,23.3171,23.8174,0.0179,1800.0000,0.0202,0.0032,0
"2018-06-29T14:00:00Z","2018-06-29T14:30:00Z",24.2481,23.8169,24.5463,0.0353,1800.0000,0.0212,0.0044,0
"2018-06-29T14:30:00Z","2018-06-29T15:00:00Z",24.7897,24.5498,25.0627,0.0206,1800.0000,0.0204,0.0034,0
"2018-06-29T15:00:00Z","2018-06-29T15:30:00Z",25.3638,24.9987,25.5718,0.0340,1800.0000,0.0212,0.0043,0
"2018-06-29T15:30:00Z","2018-06-29T16:00:00Z",25.9675,25.5138,26.2999,0.0449,1800.0000,0.0218,0.0050,0
"2018-06-29T16:00:00Z","2018-06-29T16:30:00Z",26.6951,26.1796,26.9565,0.0573,1800.0000,0.0224,0.0056,0
"2018-06-29T16:30:00Z","2018-06-29T17:00:00Z",27.0784,26.7590,27.5465,0.0386,1800.0000,0.0215,0.0046,0
"2018-06-29T17:00:00Z","2018-06-29T17:30:00Z",27.7603,27.4656,28.8531,0.1427,1800.0000,0.0264,0.0089,0
"2018-06-29T17:30:00Z","2018-06-29T18:00:00Z",29.3283,28.5938,29.9503,0.1399,1800.0000,0.0263,0.0088,0
"2018-06-29T18:00:00Z","2018-06-29T18:30:00Z",29.8013,28.9018,30.4562,0.1635,1800.0000,0.0273,0.0095,0
"2018-06-29T18:30:00Z","2018-06-29T19:00:00Z",29.5332,29.2601,29.9840,0.0484,1800.0000,0.0221,0.0052,0
"2018-06-29T19:00:00Z","2018-06-29T19:30:00Z",29.8774,29.4002,30.3273,0.0666,1800.0000,0.0230,0.0061,0
"2018-06-29T19:30:00Z","2018-06-29T20:00:00Z",30.2477,29.8124,30.7405,0.0486,1800.0000,0.0222,0.0052,0
"2018-06-29T20:00:00Z","2018-06-29T20:30:00Z",30.4595,30.0596,31.0241,0.0609,1800.0000,0.0228,0.0058,0
"2018-06-29T20:30:00Z","2018-06-29T21:00:00Z",30.2100,29.7505,31.1485,0.1180,1800.0000,0.0254,0.0081,0
"2018-06-29T21:00:00Z","2018-06-29T21:30:00Z",29.2774,28.7873,29.8986,0.1128,1800.0000,0.0252,0.0079,0
"2018-06-29T21:30:00Z","2018-06-29T22:00:00Z",28.3963,27.8556,29.1528,0.1525,1800.0000,0.0268,0.0092,0
"2018-06-29T22:00:00Z","2018-06-29T22:30:00Z",27.5692,27.3148,27.8617,0.0154,1800.0000,0.0203,0.0029,0
"2018-06-29T22:30:00Z","2018-06-29T23:00:00Z",27.6551,27.4410,27.8117,0.0079,1800.0000,0.0199,0.0021,0
"2018-06-29T23:00:00Z","2018-06-29T23:30:00Z",27.4629,27.3409,27.5984,0.0078,1800.0000,0.0199,0.0021,0
"2018-06-29T23:30:00Z","2018-06-30T00:00:00Z",27.1572,26.8210,27.5354,0.0617,1800.0000,0.0227,0.0059,0
"2018-06-30T00:00:00Z","2018-06-30T00:30:00Z",26.5970,26.3686,26.8488,0.0246,1800.0000,0.0207,0.0037,0
"2018-06-30T00:30:00Z","2018-06-30T01:00:00Z",25.8414,25.3749,26.3759,0.1324,1800.0000,0.0259,0.0086,0
"2018-06-30T01:00:00Z","2018-06-30T01:30:00Z",25.7249,25.4894,25.9204,0.0082,1800.0000,0.0198,0.0021,0
"2018-06-30T01:30:00Z","2018-06-30T02:00:00Z",25.8936,25.6683,26.0172,0.0061,1800.0000,0.0197,0.0018,0
"2018-06-30T02:00:00Z","2018-06-30T02:30:00Z",25.8677,25.6685,26.0262,0.0086,1800.0000,0.0198,0.0022,0
"2018-06-30T02:30:00Z","2018-06-30T03:00:00Z",25.5315,25.0297,25.8857,0.0937,1800.0000,0.0241,0.0072,0
"2018-06-30T03:00:00Z","2018-06-30T03:30:00Z",25.2598,24.8274,25.5182,0.0492,1800.0000,0.0220,0.0052,0
"2018-06-30T03:30:00Z","2018-06-30T04:00:00Z",24.8350,24.6492,25.0450,0.0124,1800.0000,0.0200,0.0026,0
"2018-06-30T04:00:00Z","2018-06-30T04:30:00Z",25.1913,24.8573,25.3789,0.0175,1800.0000,0.0203,0.0031,0
"2018-06-30T04:30:00Z","2018-06-30T05:00:00Z",24.5917,24.2910,25.0371,0.0365,1800.0000,0.0213,0.0045,0
"2018-06-30T05:00:00Z","2018-06-30T05:30:00Z",24.7114,24.5100,24.8551,0.0075,1800.0000,0.0197,0.0020,0
"2018-06-30T05:30:00Z","2018-06-30T06:00:00Z",24.3586,24.1138,24.5774,0.0193,1800.0000,0.0204,0.0033,0
"2018-06-30T06:00:00Z","2018-06-30T06:30:00Z",24.3944,23.5012,24.8141,0.1532,1800.0000,0.0267,0.0092,0
"2018-06-30T06:30:00Z","2018-06-30T07:00:00Z",23.4339,23.0712,23.9670,0.1271,1800.0000,0.0255,0.0084,0
"2018-06-30T07:00:00Z","2018-06-30T07:30:00Z",24.1554,23.3349,24.5893,0.1604,1800.0000,0.0270,0.0094,0
"2018-06-30T07:30:00Z","2018-06-30T08:00:00Z",23.4815,23.0792,24.2934,0.1424,1800.0000,0.0262,0.0089,0
"2018-06-30T08:00:00Z","2018-06-30T08:30:00Z",23.1822,22.9281,23.5138,0.0344,1800.0000,0.0211,0.0044,0
"2018-06-30T08:30:00Z","2018-06-30T09:00:00Z",23.1319,22.7173,23.2618,0.0158,1800.0000,0.0201,0.0030,0
"2018-06-30T09:00:00Z","2018-06-30T09:30:00Z",22.1817,21.9019,22.7161,0.0540,1800.0000,0.0221,0.0055,0
"2018-06-30T09:30:00Z","2018-06-30T10:00:00Z",22.0270,21.8060,22.2954,0.0186,1800.0000,0.0202,0.0032,0
"2018-06-30T10:00:00Z","2018-06-30T10:30:00Z",21.9934,21.7561,22.1111,0.0126,1800.0000,0.0199,0.0026,0
"2018-06-30T10:30:00Z","2018-06-30T11:00:00Z",21.7799,21.3746,22.0910,0.0531,1800.0000,0.0220,0.0054,0
"2018-06-30T11:00:00Z","2018-06-30T11:30:00Z",22.2084,21.8212,22.6352,0.0708,1800.0000,0.0229,0.0063,0
"2018-06-30T11:30:00Z","2018-06-30T12:00:00Z",23.4366,22.6354,24.2614,0.2456,1800.0000,0.0303,0.0117,0
"2018-06-30T12:00:00Z","2018-06-30T12:30:00Z",24.5227,24.2577,24.7477,0.0280,1800.0000,0.0208,0.0039,0
"2018-06-30T12:30:00Z","2018-06-30T13:00:00Z",24.7085,24.5939,24.8793,0.0059,1800.0000,0.0196,0.0018,0
"2018-06-30T13:00:00Z","2018-06-30T13:30:00Z",25.2800,24.8797,25.5792,0.0371,1800.0000,0.0213,0.0045,0
"2018-06-30T13:30:00Z","2018-06-30T14:00:00Z",25.8171,25.5684,26.0873,0.0277,1800.0000,0.0209,0.0039,0
"2018-06-30T14:00:00Z","2018-06-30T14:30:00Z",25.9883,25.6685,26.5747,0.0637,1800.0000,0.0227,0.0060,0
"2018-06-30T14:30:00Z","2018-06-30T15:00:00Z",27.2400,26.4831,27.9256,0.2096,1800.0000,0.0291,0.0108,0
"2018-06-30T15:00:00Z","2018-06-30T15:30:00Z",28.2267,27.9184,28.5604,0.0370,1800.0000,0.0215,0.0045,0
"2018-06-30T15:30:00Z","2018-06-30T16:00:00Z",28.8048,28.5577,29.0184,0.0144,1800.0000,0.0203,0.0028,0
"2018-06-30T16:00:00Z","2018-06-30T16:30:00Z",29.3152,29.0181,29.4979,0.0273,1800.0000,0.0210,0.0039,0
"2018-06-30T16:30:00Z","2018-06-30T17:00:00Z",29.4670,29.3663,29.7583,0.0070,1800.0000,0.0199,0.0020,0
"2018-06-30T17:00:00Z","2018-06-30T17:30:00Z",30.0457,29.6087,30.8684,0.1639,1800.0000,0.0274,0.0095,0
"2018-06-30T17:30:00Z","2018-06-30T18:00:00Z",31.6889,30.8730,32.1521,0.1297,1800.0000,0.0260,0.0085,0
"2018-06-30T18:00:00Z","2018-06-30T18:30:00Z",31.8654,31.0997,32.2986,0.0885,1800.0000,0.0242,0.0070,0
"2018-06-30T18:30:00Z","2018-06-30T19:00:00Z",31.6062,31.2477,32.1452,0.0543,1800.0000,0.0225,0.0055,0
"2018-06-30T19:00:00Z","2018-06-30T19:30:00Z",31.2181,31.0047,31.4714,0.0178,1800.0000,0.0206,0.0031,0
"2018-06-30T19:30:00Z","2018-06-30T20:00:00Z",31.8174,31.2040,32.3629,0.1001,1800.0000,0.0247,0.0075,0
"2018-06-30T20:00:00Z","2018-06-30T20:30:00Z",32.1646,31.7236,32.7622,0.0949,1800.0000,0.0245,0.0073,0
"2018-06-30T20:30:00Z","2018-06-30T21:00:00Z",31.5802,31.2963,31.7860,0.0175,1800.0000,0.0206,0.0031,0
"2018-06-30T21:00:00Z","2018-06-30T21:30:00Z",31.2288,30.8075,31.9805,0.1288,1800.0000,0.0259,0.0085,0
"2018-06-30T21:30:00Z","2018-06-30T22:00:00Z",30.3465,29.6447,31.0974,0.2217,1800.0000,0.0296,0.0111,0
"2018-06-30T22:00:00Z","2018-06-30T22:30:00Z",29.7296,29.2002,30.0886,0.0956,1800.0000,0.0244,0.0073,0
"2018-06-30T22:30:00Z","2018-06-30T23:00:00Z",29.6621,29.4167,29.9668,0.0303,1800.0000,0.0212,0.0041,0
"2018-06-30T23:00:00Z","2018-06-30T23:30:00Z",29.1164,28.6605,29.4295,0.0473,1800.0000,0.0221,0.0051,0
"2018-06-30T23:30:00Z","2018-07-01T00:00:00Z",28.4075,28.2120,28.6652,0.0112,1800.0000,0.0201,0.0025,0
