"domainID","siteID","horizontalPosition","verticalPosition","startDateTime","endDateTime","tempSingleMean","tempSingleMinimum","tempSingleMaximum","tempSingleVariance","tempSingleNumPts","tempSingleExpUncert","tempSingleStdErMean","finalQF","publicationDate","Date","dayMax"
"D02","SCBI","000","010",2018-01-01 00:00:00,2018-01-01 00:30:00,-11.8191,-12.053,-11.3982,0.0208,1800,0.0187,0.0034,0,"20190912T222914Z",2018-01-01,-11.8191
"D02","SCBI","000","010",2018-01-02 00:00:00,2018-01-02 00:30:00,-11.1742,-11.6439,-10.692,0.0587,1800,0.0209,0.0057,0,"20190912T222914Z",2018-01-02,-11.1742
"D02","SCBI","000","010",2018-01-03 00:00:00,2018-01-03 00:30:00,-8.2024,-8.5917,-7.6861,0.0516,1800,0.0206,0.0054,0,"20190912T222914Z",2018-01-03,-8.2024
"D02","SCBI","000","010",2018-01-04 00:00:00,2018-01-04 00:30:00,-4.1275,-4.3047,-3.8792,0.0149,1800,0.0187,0.0029,0,"20190912T222914Z",2018-01-04,-4.1275
"D02","SCBI","000","010",2018-01-05 00:00:00,2018-01-05 00:30:00,-10.9784,-11.3482,-10.6846,0.0158,1800,0.0184,0.003,0,"20190912T222914Z",2018-01-05,-10.9784
"D02","SCBI","000","010",2018-01-06 00:00:00,2018-01-06 00:30:00,-11.9101,-12.1674,-11.7201,0.009,1800,0.018,0.0022,0,"20190912T222914Z",2018-01-06,-11.9101
"D02","SCBI","000","010",2018-01-07 00:00:00,2018-01-07 00:30:00,-13.1845,-13.615,-12.6407,0.0478,1800,0.0202,0.0052,0,"20190912T222914Z",2018-01-07,-13.1845
"D02","SCBI","000","010",2018-01-08 00:00:00,2018-01-08 00:30:00,-7.1292,-7.3711,-6.8248,0.0268,1800,0.0193,0.0039,0,"20190912T222914Z",2018-01-08,-7.1292
"D02","SCBI","000","010",2018-01-09 00:00:00,2018-01-09 00:30:00,0.5857,-0.0402,1.0905,0.1401,1800,0.0252,0.0088,0,"20190912T222914Z",2018-01-09,0.5857
"D02","SCBI","000","010",2018-01-10 00:00:00,2018-01-10 00:30:00,2.4802,1.8797,2.8521,0.0318,1800,0.02,0.0042,0,"20190912T222914Z",2018-01-10,2.4802
"D02","SCBI","000","010",2018-01-11 00:00:00,2018-01-11 00:30:00,4.0688,3.7231,4.3895,0.0337,1800,0.0202,0.0043,0,"20190912T222914Z",2018-01-11,4.0688
"D02","SCBI","000","010",2018-01-12 00:00:00,2018-01-12 00:30:00,10.9418,10.5493,11.1641,0.0135,1800,0.0194,0.0027,0,"20190912T222914Z",2018-01-12,10.9418
"D02","SCBI","000","010",2018-01-13 00:00:00,2018-01-13 00:30:00,16.0422,15.6155,16.3244,0.0182,1800,0.0199,0.0032,0,"20190912T222914Z",2018-01-13,16.0422
"D02","SCBI","000","010",2018-01-14 00:00:00,2018-01-14 00:30:00,-7.3126,-7.4683,-6.9973,0.0115,1800,0.0184,0.0025,0,"20190912T222914Z",2018-01-14,-7.3126
"D02","SCBI","000","010",2018-01-15 00:00:00,2018-01-15 00:30:00,-9.8544,-10.115,-9.5946,0.0122,1800,0.0183,0.0026,0,"20190912T222914Z",2018-01-15,-9.8544
"D02","SCBI","000","010",2018-01-16 00:00:00,2018-01-16 00:30:00,-4.9522,-5.4186,-4.4628,0.065,1800,0.0215,0.006,0,"20190912T222914Z",2018-01-16,-4.9522
"D02","SCBI","000","010",2018-01-17 00:00:00,2018-01-17 00:30:00,-0.3909,-0.4347,-0.3453,2e-04,1800,0.018,4e-04,0,"20190912T222914Z",2018-01-17,-0.3909
"D02","SCBI","000","010",2018-01-18 00:00:00,2018-01-18 00:30:00,-8.5068,-8.788,-8.2428,0.02,1800,0.0188,0.0033,0,"20190912T222914Z",2018-01-18,-8.5068
"D02","SCBI","000","010",2018-01-19 00:00:00,2018-01-19 00:30:00,1.2309,0.2847,2.3852,0.237,1800,0.0292,0.0115,0,"20190912T222914Z",2018-01-19,1.2309
"D02","SCBI","000","010",2018-01-20 00:00:00,2018-01-20 00:30:00,2.4526,1.8498,3.239,0.1,1800,0.0235,0.0075,0,"20190912T222914Z",2018-01-20,2.4526
"D02","SCBI","000","010",2018-01-21 00:00:00,2018-01-21 00:30:00,7.3648,6.2868,8.6799,0.2071,1800,0.0283,0.0107,0,"20190912T222914Z",2018-01-21,7.3648
"D02","SCBI","000","010",2018-01-22 00:00:00,2018-01-22 00:30:00,11.7694,10.75,13.154,0.3386,1800,0.0332,0.0137,0,"20190912T222914Z",2018-01-22,11.7694
"D02","SCBI","000","010",2018-01-23 00:00:00,2018-01-23 00:30:00,13.1392,12.6089,13.6151,0.0519,1800,0.0216,0.0054,0,"20190912T222914Z",2018-01-23,13.1392
"D02","SCBI","000","010",2018-01-24 00:00:00,2018-01-24 00:30:00,5.4256,4.857,6.4013,0.1475,1800,0.0258,0.0091,0,"20190912T222914Z",2018-01-24,5.4256
"D02","SCBI","000","010",2018-01-25 00:00:00,2018-01-25 00:30:00,0.0367,-0.2513,0.3058,0.0166,1800,0.019,0.003,0,"20190912T222914Z",2018-01-25,0.0367
"D02","SCBI","000","010",2018-01-26 00:00:00,2018-01-26 00:30:00,-2.8307,-3.2627,-2.3985,0.0419,1800,0.0203,0.0048,0,"20190912T222914Z",2018-01-26,-2.8307
"D02","SCBI","000","010",2018-01-27 00:00:00,2018-01-27 00:30:00,4.7868,3.8088,5.593,0.1665,1800,0.0265,0.0096,0,"20190912T222914Z",2018-01-27,4.7868
"D02","SCBI","000","010",2018-01-28 00:00:00,2018-01-28 00:30:00,11.2718,10.9093,11.6668,0.0298,1800,0.0203,0.0041,0,"20190912T222914Z",2018-01-28,11.2718
"D02","SCBI","000","010",2018-01-29 00:00:00,2018-01-29 00:30:00,6.4642,6.4184,6.5601,0.0012,1800,0.0184,8e-04,0,"20190912T222914Z",2018-01-29,6.4642
"D02","SCBI","000","010",2018-01-30 00:00:00,2018-01-30 00:30:00,2.1364,1.3155,2.5121,0.093,1800,0.0231,0.0072,0,"20190912T222914Z",2018-01-30,2.1364
"D02","SCBI","000","010",2018-02-05 19:00:00,2018-02-05 19:30:00,0.9905,0.1486,1.9314,0.1696,1800,0.0265,0.0097,0,"20190912T232545Z",2018-02-05,0.9905
"D02","SCBI","000","010",2018-02-06 00:00:00,2018-02-06 00:30:00,-1.9933,-2.3887,-1.6033,0.0396,1800,0.0202,0.0047,0,"20190912T232545Z",2018-02-06,-1.9933
"D02","SCBI","000","010",2018-02-07 00:00:00,2018-02-07 00:30:00,-1.0036,-1.2525,-0.6092,0.0364,1800,0.0201,0.0045,0,"20190912T232545Z",2018-02-07,-1.0036
"D02","SCBI","000","010",2018-02-08 00:00:00,2018-02-08 00:30:00,1.7388,1.3488,2.2789,0.0549,1800,0.0212,0.0055,0,"20190912T232545Z",2018-02-08,1.7388
"D02","SCBI","000","010",2018-02-09 00:00:00,2018-02-09 00:30:00,-2.8644,-3.1878,-2.4088,0.0258,1800,0.0194,0.0038,0,"20190912T232545Z",2018-02-09,-2.8644
"D02","SCBI","000","010",2018-02-10 00:00:00,2018-02-10 00:30:00,3.391,2.5867,4.1582,0.1483,1800,0.0257,0.0091,0,"20190912T232545Z",2018-02-10,3.391
"D02","SCBI","000","010",2018-02-11 00:00:00,2018-02-11 00:30:00,6.7464,6.2077,7.5468,0.0936,1800,0.0234,0.0072,0,"20190912T232545Z",2018-02-11,6.7464
"D02","SCBI","000","010",2018-02-12 00:00:00,2018-02-12 00:30:00,17.247,16.3435,18.4003,0.2492,1800,0.0302,0.0118,0,"20190912T232545Z",2018-02-12,17.247
"D02","SCBI","000","010",2018-02-13 00:00:00,2018-02-13 00:30:00,1.7941,1.0316,2.8688,0.2709,1800,0.0305,0.0123,0,"20190912T232545Z",2018-02-13,1.7941
"D02","SCBI","000","010",2018-02-14 00:00:00,2018-02-14 00:30:00,0.3407,0.2919,0.3897,3e-04,1800,0.018,4e-04,0,"20190912T232545Z",2018-02-14,0.3407
"D02","SCBI","000","010",2018-02-15 00:00:00,2018-02-15 00:30:00,10.1475,9.4913,11.3646,0.2149,1800,0.0287,0.0109,0,"20190912T232545Z",2018-02-15,10.1475
"D02","SCBI","000","010",2018-02-16 00:00:00,2018-02-16 00:30:00,19.0044,18.2851,20.0642,0.1842,1800,0.0278,0.0101,0,"20190912T232545Z",2018-02-16,19.0044
"D02","SCBI","000","010",2018-02-17 00:00:00,2018-02-17 00:30:00,4.9398,4.5173,5.1704,0.0194,1800,0.0194,0.0033,0,"20190912T232545Z",2018-02-17,4.9398
"D02","SCBI","000","010",2018-02-18 00:00:00,2018-02-18 00:30:00,-0.8892,-0.963,-0.7881,0.0013,1800,0.018,9e-04,0,"20190912T232545Z",2018-02-18,-0.8892
"D02","SCBI","000","010",2018-02-19 00:00:00,2018-02-19 00:30:00,3.2513,2.3225,4.5489,0.2439,1800,0.0296,0.0116,0,"20190912T232545Z",2018-02-19,3.2513
"D02","SCBI","000","010",2018-02-20 00:00:00,2018-02-20 00:30:00,8.4148,7.6738,8.9676,0.1367,1800,0.0254,0.0087,0,"20190912T232545Z",2018-02-20,8.4148
"D02","SCBI","000","010",2018-02-21 00:00:00,2018-02-21 00:30:00,18.2589,17.4526,19.0006,0.1114,1800,0.0247,0.0079,0,"20190912T232545Z",2018-02-21,18.2589
"D02","SCBI","000","010",2018-02-22 00:00:00,2018-02-22 00:30:00,19.0932,18.508,19.8912,0.1041,1800,0.0244,0.0076,0,"20190912T232545Z",2018-02-22,19.0932
"D02","SCBI","000","010",2018-02-23 00:00:00,2018-02-23 00:30:00,4.4368,4.2074,4.6386,0.0092,1800,0.0188,0.0023,0,"20190912T232545Z",2018-02-23,4.4368
"D02","SCBI","000","010",2018-02-24 00:00:00,2018-02-24 00:30:00,6.837,6.6429,7.0847,0.0148,1800,0.0192,0.0029,0,"20190912T232545Z",2018-02-24,6.837
"D02","SCBI","000","010",2018-02-25 00:00:00,2018-02-25 00:30:00,7.8593,7.8266,7.8873,2e-04,1800,0.0184,4e-04,0,"20190912T232545Z",2018-02-25,7.8593
"D02","SCBI","000","010",2018-02-26 00:00:00,2018-02-26 00:30:00,9.8555,9.5494,10.1141,0.0156,1800,0.0194,0.0029,0,"20190912T232545Z",2018-02-26,9.8555
"D02","SCBI","000","010",2018-02-27 00:00:00,2018-02-27 00:30:00,4.3069,3.3165,4.8444,0.2348,1800,0.0292,0.0114,0,"20190912T232545Z",2018-02-27,4.3069
"D02","SCBI","000","010",2018-02-28 00:00:00,2018-02-28 00:30:00,8.4475,7.5994,9.3241,0.1527,1800,0.0261,0.0092,0,"20190912T232545Z",2018-02-28,8.4475
"D02","SCBI","000","010",2018-03-01 00:00:00,2018-03-01 00:30:00,10.3665,9.6604,10.8495,0.0642,1800,0.0221,0.006,0,"20190912T225303Z",2018-03-01,10.3665
"D02","SCBI","000","010",2018-03-02 00:00:00,2018-03-02 00:30:00,8.9762,8.832,9.1518,0.0103,1800,0.0191,0.0024,0,"20190912T225303Z",2018-03-02,8.9762
"D02","SCBI","000","010",2018-03-04 01:30:00,2018-03-04 02:00:00,2.1636,1.4429,3.0469,0.1575,1800,0.0261,0.0094,0,"20190912T225303Z",2018-03-04,2.1636
"D02","SCBI","000","010",2018-03-05 00:00:00,2018-03-05 00:30:00,3.3144,2.3441,4.1849,0.2051,1800,0.0281,0.0107,0,"20190912T225303Z",2018-03-05,3.3144
"D02","SCBI","000","010",2018-03-06 00:00:00,2018-03-06 00:30:00,-0.0695,-0.4545,0.5374,0.0242,1800,0.0195,0.0037,0,"20190912T225303Z",2018-03-06,-0.0695
"D02","SCBI","000","010",2018-03-07 00:00:00,2018-03-07 00:30:00,2.0165,1.8479,2.2962,0.0158,1800,0.0191,0.003,0,"20190912T225303Z",2018-03-07,2.0165
"D02","SCBI","000","010",2018-03-08 00:00:00,2018-03-08 00:30:00,2.3418,1.5354,2.9467,0.1477,1800,0.0256,0.0091,0,"20190912T225303Z",2018-03-08,2.3418
"D02","SCBI","000","010",2018-03-09 00:00:00,2018-03-09 00:30:00,-0.4588,-1.1367,-0.0806,0.0507,1800,0.0209,0.0053,0,"20190912T225303Z",2018-03-09,-0.4588
"D02","SCBI","000","010",2018-03-10 00:00:00,2018-03-10 00:30:00,-1.5714,-2.1483,-0.6279,0.1048,1800,0.0236,0.0076,0,"20190912T225303Z",2018-03-10,-1.5714
"D02","SCBI","000","010",2018-03-11 00:00:00,2018-03-11 00:30:00,2.5195,1.9591,3.3226,0.1115,1800,0.024,0.0079,0,"20190912T225303Z",2018-03-11,2.5195
"D02","SCBI","000","010",2018-03-12 00:00:00,2018-03-12 00:30:00,3.034,2.1517,4.2103,0.204,1800,0.028,0.0106,0,"20190912T225303Z",2018-03-12,3.034
"D02","SCBI","000","010",2018-03-13 00:00:00,2018-03-13 00:30:00,0.2019,0.0797,0.3334,0.0033,1800,0.0182,0.0013,0,"20190912T225303Z",2018-03-13,0.2019
"D02","SCBI","000","010",2018-03-14 00:00:00,2018-03-14 00:30:00,0.0185,-0.5701,0.4756,0.0839,1800,0.0226,0.0068,0,"20190912T225303Z",2018-03-14,0.0185
"D02","SCBI","000","010",2018-03-15 00:00:00,2018-03-15 00:30:00,-0.5434,-0.8581,-0.3763,0.0181,1800,0.0191,0.0032,0,"20190912T225303Z",2018-03-15,-0.5434
"D02","SCBI","000","010",2018-03-16 00:00:00,2018-03-16 00:30:00,4.3061,3.1687,5.7764,0.3292,1800,0.0327,0.0135,0,"20190912T225303Z",2018-03-16,4.3061
"D02","SCBI","000","010",2018-03-17 00:00:00,2018-03-17 00:30:00,0.9339,-0.0478,2.0299,0.2391,1800,0.0293,0.0115,0,"20190912T225303Z",2018-03-17,0.9339
"D02","SCBI","000","010",2018-03-18 00:00:00,2018-03-18 00:30:00,2.1268,1.6036,2.789,0.085,1800,0.0228,0.0069,0,"20190912T225303Z",2018-03-18,2.1268
"D02","SCBI","000","010",2018-03-19 00:00:00,2018-03-19 00:30:00,7.1962,6.6637,7.833,0.0504,1800,0.0212,0.0053,0,"20190912T225303Z",2018-03-19,7.1962
"D02","SCBI","000","010",2018-03-20 00:00:00,2018-03-20 00:30:00,7.5911,7.0713,8.0544,0.056,1800,0.0215,0.0056,0,"20190912T225303Z",2018-03-20,7.5911
"D02","SCBI","000","010",2018-03-21 00:00:00,2018-03-21 00:30:00,-2.3747,-2.6585,-2.0459,0.0184,1800,0.019,0.0032,0,"20190912T225303Z",2018-03-21,-2.3747
"D02","SCBI","000","010",2018-03-22 00:00:00,2018-03-22 00:30:00,-1.3699,-1.4274,-1.325,4e-04,1800,0.018,5e-04,0,"20190912T225303Z",2018-03-22,-1.3699
"D02","SCBI","000","010",2018-03-23 00:00:00,2018-03-23 00:30:00,2.1329,1.5002,2.6758,0.0648,1800,0.0218,0.006,0,"20190912T225303Z",2018-03-23,2.1329
"D02","SCBI","000","010",2018-03-24 00:00:00,2018-03-24 00:30:00,1.7232,1.1627,2.5284,0.1194,1800,0.0244,0.0081,0,"20190912T225303Z",2018-03-24,1.7232
"D02","SCBI","000","010",2018-03-25 00:00:00,2018-03-25 00:30:00,1.8831,1.6114,2.0875,0.0098,1800,0.0187,0.0023,0,"20190912T225303Z",2018-03-25,1.8831
"D02","SCBI","000","010",2018-03-26 00:00:00,2018-03-26 00:30:00,0.826,0.3905,1.4151,0.0654,1800,0.0217,0.006,0,"20190912T225303Z",2018-03-26,0.826
"D02","SCBI","000","010",2018-03-27 00:00:00,2018-03-27 00:30:00,3.3997,2.6366,4.4663,0.2183,1800,0.0286,0.011,0,"20190912T225303Z",2018-03-27,3.3997
"D02","SCBI","000","010",2018-03-28 00:00:00,2018-03-28 00:30:00,1.7678,1.7299,1.8293,4e-04,1800,0.0181,5e-04,0,"20190912T225303Z",2018-03-28,1.7678
"D02","SCBI","000","010",2018-03-29 00:00:00,2018-03-29 00:30:00,8.1867,8.05,8.3318,0.0025,1800,0.0186,0.0012,0,"20190912T225303Z",2018-03-29,8.1867
"D02","SCBI","000","010",2018-03-30 00:00:00,2018-03-30 00:30:00,20.8513,19.8115,21.3679,0.1126,1800,0.0248,0.0079,0,"20190912T225303Z",2018-03-30,20.8513
"D02","SCBI","000","010",2018-03-31 00:00:00,2018-03-31 00:30:00,6.0759,5.5424,6.5029,0.0544,1800,0.0214,0.0055,0,"20190912T225303Z",2018-03-31,6.0759
"D02","SCBI","000","010",2018-04-01 00:00:00,2018-04-01 00:30:00,11.8021,10.784,12.382,0.0988,1800,0.0238,0.0074,0,"20190228T105314Z",2018-04-01,11.8021
"D02","SCBI","000","010",2018-04-02 00:00:00,2018-04-02 00:30:00,8.326,7.3331,9.2165,0.287,1800,0.0313,0.0126,0,"20190228T105314Z",2018-04-02,8.326
"D02","SCBI","000","010",2018-04-03 00:00:00,2018-04-03 00:30:00,6.1918,6.076,6.2933,0.0041,1800,0.0186,0.0015,0,"20190228T105314Z",2018-04-03,6.1918
"D02","SCBI","000","010",2018-04-04 00:00:00,2018-04-04 00:30:00,10.4265,10.2352,10.637,0.0107,1800,0.0192,0.0024,0,"20190228T105314Z",2018-04-04,10.4265
"D02","SCBI","000","010",2018-04-05 00:00:00,2018-04-05 00:30:00,4.1528,3.7534,4.5352,0.0284,1800,0.0199,0.004,0,"20190228T105314Z",2018-04-05,4.1528
"D02","SCBI","000","010",2018-04-06 00:00:00,2018-04-06 00:30:00,5.6652,4.6563,6.3816,0.16,1800,0.0263,0.0094,0,"20190228T105314Z",2018-04-06,5.6652
"D02","SCBI","000","010",2018-04-07 00:00:00,2018-04-07 00:30:00,17.4638,16.3807,18.4781,0.3165,1800,0.0326,0.0133,0,"20190228T105314Z",2018-04-07,17.4638
"D02","SCBI","000","010",2018-04-08 00:00:00,2018-04-08 00:30:00,1.32,0.9262,1.9687,0.0826,1800,0.0226,0.0068,0,"20190228T105314Z",2018-04-08,1.32
"D02","SCBI","000","010",2018-04-09 00:00:00,2018-04-09 00:30:00,3.2783,2.6611,4.1165,0.0927,1800,0.0232,0.0072,0,"20190228T105314Z",2018-04-09,3.2783
"D02","SCBI","000","010",2018-04-10 00:00:00,2018-04-10 00:30:00,1.6013,1.5421,1.6499,6e-04,1800,0.0181,6e-04,0,"20190228T105314Z",2018-04-10,1.6013
"D02","SCBI","000","010",2018-04-11 00:00:00,2018-04-11 00:30:00,5.3881,4.9686,6.0561,0.0781,1800,0.0226,0.0066,0,"20190228T105314Z",2018-04-11,5.3881
"D02","SCBI","000","010",2018-04-12 00:00:00,2018-04-12 00:30:00,10.0872,9.0025,11.3559,0.2248,1800,0.0291,0.0112,0,"20190228T105314Z",2018-04-12,10.0872
"D02","SCBI","000","010",2018-04-13 00:00:00,2018-04-13 00:30:00,19.6527,18.6264,20.3653,0.1764,1800,0.0275,0.0099,0,"20190228T105314Z",2018-04-13,19.6527
"D02","SCBI","000","010",2018-04-14 00:00:00,2018-04-14 00:30:00,22.2482,21.4115,23.1759,0.1657,1800,0.0272,0.0096,0,"20190228T105314Z",2018-04-14,22.2482
"D02","SCBI","000","010",2018-04-15 00:00:00,2018-04-15 00:30:00,22.7076,21.4405,23.4519,0.2157,1800,0.0291,0.0109,0,"20190228T105314Z",2018-04-15,22.7076
"D02","SCBI","000","010",2018-04-16 00:00:00,2018-04-16 00:30:00,8.1297,7.8814,8.3564,0.0106,1800,0.0191,0.0024,0,"20190228T105314Z",2018-04-16,8.1297
"D02","SCBI","000","020",2018-04-17 00:00:00,2018-04-17 00:30:00,6.5884,6.4778,6.6742,0.0037,1800,0.0186,0.0014,0,"20190228T105314Z",2018-04-17,6.5884
"D02","SCBI","000","020",2018-04-18 00:00:00,2018-04-18 00:30:00,5.0192,4.9492,5.0836,0.0012,1800,0.0183,8e-04,0,"20190228T105314Z",2018-04-18,5.0192
"D02","SCBI","000","020",2018-04-19 00:00:00,2018-04-19 00:30:00,14.8714,14.5649,15.3051,0.0624,1800,0.0222,0.0059,0,"20190228T105314Z",2018-04-19,14.8714
"D02","SCBI","000","020",2018-04-20 00:00:00,2018-04-20 00:30:00,5.6031,5.5186,5.6719,0.0027,1800,0.0184,0.0012,0,"20190228T105314Z",2018-04-20,5.6031
"D02","SCBI","000","020",2018-04-21 00:00:00,2018-04-21 00:30:00,11.2817,10.9257,11.6165,0.0417,1800,0.0209,0.0048,0,"20190228T105314Z",2018-04-21,11.2817
"D02","SCBI","000","020",2018-04-22 00:00:00,2018-04-22 00:30:00,13.1492,12.9404,13.2973,0.0093,1800,0.0192,0.0023,0,"20190228T105314Z",2018-04-22,13.1492
"D02","SCBI","000","020",2018-04-23 00:00:00,2018-04-23 00:30:00,15.6,15.342,16.0317,0.0433,1800,0.0212,0.0049,0,"20190228T105314Z",2018-04-23,15.6
"D02","SCBI","000","020",2018-04-24 00:00:00,2018-04-24 00:30:00,14.9165,14.6334,15.2173,0.03,1800,0.0205,0.0041,0,"20190228T105314Z",2018-04-24,14.9165
"D02","SCBI","000","020",2018-04-25 00:00:00,2018-04-25 00:30:00,11.022,10.9734,11.102,9e-04,1800,0.0186,7e-04,0,"20190228T105314Z",2018-04-25,11.022
"D02","SCBI","000","020",2018-04-26 00:00:00,2018-04-26 00:30:00,16.5321,16.3531,16.7344,0.0092,1800,0.0194,0.0023,0,"20190228T105314Z",2018-04-26,16.5321
"D02","SCBI","000","020",2018-04-27 00:00:00,2018-04-27 00:30:00,17.9565,17.657,18.2422,0.0214,1800,0.0202,0.0034,0,"20190228T105314Z",2018-04-27,17.9565
"D02","SCBI","000","020",2018-04-28 00:00:00,2018-04-28 00:30:00,15.1584,14.9512,15.325,0.0118,1800,0.0195,0.0026,0,"20190228T105314Z",2018-04-28,15.1584
"D02","SCBI","000","020",2018-04-29 00:00:00,2018-04-29 00:30:00,15.8058,14.7174,16.1121,0.0948,1800,0.0238,0.0073,0,"20190228T105314Z",2018-04-29,15.8058
"D02","SCBI","000","020",2018-04-30 00:00:00,2018-04-30 00:30:00,9.7233,9.5097,9.9258,0.0124,1800,0.0192,0.0026,0,"20190228T105314Z",2018-04-30,9.7233
"D02","SCBI","000","020",2018-05-01 00:00:00,2018-05-01 00:30:00,18.2549,17.8993,18.5407,0.0273,1800,0.0205,0.0039,0,"20191203T023629Z",2018-05-01,18.2549
"D02","SCBI","000","020",2018-05-02 00:00:00,2018-05-02 00:30:00,25.137,24.7172,25.5994,0.0716,1800,0.0231,0.0063,0,"20191203T023629Z",2018-05-02,25.137
"D02","SCBI","000","020",2018-05-03 00:00:00,2018-05-03 00:30:00,28.28,27.8726,28.8419,0.0871,1800,0.0239,0.007,0,"20191203T023629Z",2018-05-03,28.28
"D02","SCBI","000","020",2018-05-04 00:00:00,2018-05-04 00:30:00,28.2287,27.9002,28.5287,0.0329,1800,0.0213,0.0043,0,"20191203T023629Z",2018-05-04,28.2287
"D02","SCBI","000","020",2018-05-05 00:00:00,2018-05-05 00:30:00,27.7446,27.5336,27.8917,0.0117,1800,0.0201,0.0025,0,"20191203T023629Z",2018-05-05,27.7446
"D02","SCBI","000","020",2018-05-06 00:00:00,2018-05-06 00:30:00,12.1483,11.9117,12.2838,0.0122,1800,0.0193,0.0026,0,"20191203T023629Z",2018-05-06,12.1483
"D02","SCBI","000","020",2018-05-07 00:00:00,2018-05-07 00:30:00,13.7391,13.7009,13.7997,9e-04,1800,0.0188,7e-04,0,"20191203T023629Z",2018-05-07,13.7391
"D02","SCBI","000","020",2018-05-08 00:00:00,2018-05-08 00:30:00,18.4749,17.894,19.1981,0.1825,1800,0.0277,0.0101,0,"20191203T023629Z",2018-05-08,18.4749
"D02","SCBI","000","020",2018-05-09 00:00:00,2018-05-09 00:30:00,20.1471,19.9985,20.3479,0.0048,1800,0.0193,0.0016,0,"20191203T023629Z",2018-05-09,20.1471
"D02","SCBI","000","020",2018-05-10 00:00:00,2018-05-10 00:30:00,21.1973,20.8011,21.6497,0.0579,1800,0.0222,0.0057,0,"20191203T023629Z",2018-05-10,21.1973
"D02","SCBI","000","020",2018-05-11 00:00:00,2018-05-11 00:30:00,21.3417,21.1615,21.5233,0.0103,1800,0.0197,0.0024,0,"20191203T023629Z",2018-05-11,21.3417
"D02","SCBI","000","020",2018-05-12 00:00:00,2018-05-12 00:30:00,22.8521,22.1161,23.3597,0.177,1800,0.0276,0.0099,0,"20191203T023629Z",2018-05-12,22.8521
"D02","SCBI","000","020",2018-05-13 00:00:00,2018-05-13 00:30:00,28.5277,26.6522,29.1448,0.4267,1800,0.0365,0.0154,0,"20191203T023629Z",2018-05-13,28.5277
"D02","SCBI","000","020",2018-05-14 00:00:00,2018-05-14 00:30:00,19.0536,18.7956,19.3504,0.0351,1800,0.0209,0.0044,0,"20191203T023629Z",2018-05-14,19.0536
"D02","SCBI","000","020",2018-06-27 09:30:00,2018-06-27 10:00:00,19.0092,18.8972,19.1296,0.0058,1800,0.0193,0.0018,0,"20190307T073658Z",2018-06-27,19.0092
"D02","SCBI","000","020",2018-06-28 00:00:00,2018-06-28 00:30:00,24.1363,24.0135,24.2763,0.0049,1800,0.0195,0.0017,0,"20190307T073658Z",2018-06-28,24.1363
"D02","SCBI","000","020",2018-06-29 00:00:00,2018-06-29 00:30:00,26.1525,25.8957,26.5242,0.0294,1800,0.021,0.004,0,"20190307T073658Z",2018-06-29,26.1525
"D02","SCBI","000","020",2018-06-30 00:00:00,2018-06-30 00:30:00,26.597,26.3686,26.8488,0.0246,1800,0.0207,0.0037,0,"20190307T073658Z",2018-06-30,26.597
"D02","SCBI","000","020",2018-07-01 00:00:00,2018-07-01 00:30:00,28.1389,27.8523,28.2873,0.0149,1800,0.0203,0.0029,0,"20190314T144738Z",2018-07-01,28.1389
"D02","SCBI","000","020",2018-07-02 00:00:00,2018-07-02 00:30:00,28.6242,28.3534,28.8337,0.0194,1800,0.0206,0.0033,0,"20190314T144738Z",2018-07-02,28.6242
"D02","SCBI","000","020",2018-07-03 00:00:00,2018-07-03 00:30:00,29.9229,29.059,30.2022,0.075,1800,0.0234,0.0065,0,"20190314T144738Z",2018-07-03,29.9229
"D02","SCBI","000","020",2018-07-04 00:00:00,2018-07-04 00:30:00,29.5628,29.3718,29.7921,0.0166,1800,0.0205,0.003,0,"20190314T144738Z",2018-07-04,29.5628
"D02","SCBI","000","020",2018-07-05 00:00:00,2018-07-05 00:30:00,21.7731,21.6814,21.9207,0.0042,1800,0.0194,0.0015,0,"20190314T144738Z",2018-07-05,21.7731
"D02","SCBI","000","020",2018-07-06 00:00:00,2018-07-06 00:30:00,26.0504,25.6341,26.1589,0.0094,1800,0.0199,0.0023,0,"20190314T144738Z",2018-07-06,26.0504
"D02","SCBI","000","020",2018-07-07 00:00:00,2018-07-07 00:30:00,23.0406,22.5161,23.7543,0.1311,1800,0.0257,0.0085,0,"20190314T144738Z",2018-07-07,23.0406
"D02","SCBI","000","020",2018-07-08 00:00:00,2018-07-08 00:30:00,20.4795,20.0303,20.8885,0.058,1800,0.0222,0.0057,0,"20190314T144738Z",2018-07-08,20.4795
"D02","SCBI","000","020",2018-07-09 00:00:00,2018-07-09 00:30:00,22.595,22.3633,22.8549,0.0231,1800,0.0205,0.0036,0,"20190314T144738Z",2018-07-09,22.595
"D02","SCBI","000","020",2018-07-10 00:00:00,2018-07-10 00:30:00,26.1558,25.7234,26.5442,0.0577,1800,0.0224,0.0057,0,"20190314T144738Z",2018-07-10,26.1558
"D02","SCBI","000","020",2018-07-11 00:00:00,2018-07-11 00:30:00,27.837,27.5805,28.0264,0.0196,1800,0.0205,0.0033,0,"20190314T144738Z",2018-07-11,27.837
"D02","SCBI","000","020",2018-07-12 00:00:00,2018-07-12 00:30:00,23.7902,23.5647,24.0453,0.0223,1800,0.0205,0.0035,0,"20190314T144738Z",2018-07-12,23.7902
"D02","SCBI","000","020",2018-07-13 00:00:00,2018-07-13 00:30:00,23.9661,23.4806,24.3793,0.0572,1800,0.0223,0.0056,0,"20190314T144738Z",2018-07-13,23.9661
"D02","SCBI","000","020",2018-07-14 00:00:00,2018-07-14 00:30:00,24.8849,24.6053,25.149,0.0339,1800,0.0212,0.0043,0,"20190314T144738Z",2018-07-14,24.8849
"D02","SCBI","000","020",2018-07-15 00:00:00,2018-07-15 00:30:00,26.7988,26.4878,27.0236,0.022,1800,0.0206,0.0035,0,"20190314T144738Z",2018-07-15,26.7988
"D02","SCBI","000","020",2018-07-16 00:00:00,2018-07-16 00:30:00,22.8689,22.6262,23.1451,0.0199,1800,0.0203,0.0033,0,"20190314T144738Z",2018-07-16,22.8689
"D02","SCBI","000","020",2018-07-17 00:00:00,2018-07-17 00:30:00,25.3172,25.0033,25.7486,0.0544,1800,0.0222,0.0055,0,"20190314T144738Z",2018-07-17,25.3172
"D02","SCBI","000","020",2018-07-18 00:00:00,2018-07-18 00:30:00,24.9693,24.68,25.2444,0.0204,1800,0.0204,0.0034,0,"20190314T144738Z",2018-07-18,24.9693
"D02","SCBI","000","020",2018-07-19 00:00:00,2018-07-19 00:30:00,22.7327,22.192,23.0497,0.0734,1800,0.0231,0.0064,0,"20190314T144738Z",2018-07-19,22.7327
"D02","SCBI","000","020",2018-07-20 00:00:00,2018-07-20 00:30:00,23.7691,23.6425,23.9293,0.007,1800,0.0196,0.002,0,"20190314T144738Z",2018-07-20,23.7691
"D02","SCBI","000","020",2018-07-21 00:00:00,2018-07-21 00:30:00,23.955,23.7132,24.139,0.0234,1800,0.0206,0.0036,0,"20190314T144738Z",2018-07-21,23.955
"D02","SCBI","000","020",2018-07-22 00:30:00,2018-07-22 01:00:00,17.0207,16.9659,17.1133,0.0012,1770,0.0189,8e-04,0,"20190314T144738Z",2018-07-22,17.0207
"D02","SCBI","000","020",2018-07-23 00:00:00,2018-07-23 00:30:00,22.9927,22.8852,23.1841,0.0063,1800,0.0196,0.0019,0,"20190314T144738Z",2018-07-23,22.9927
"D02","SCBI","000","020",2018-07-24 00:00:00,2018-07-24 00:30:00,23.1936,22.931,23.6546,0.0576,1800,0.0223,0.0057,0,"20190314T144738Z",2018-07-24,23.1936
"D02","SCBI","000","020",2018-07-25 00:00:00,2018-07-25 00:30:00,22.8281,22.7635,22.8785,9e-04,1800,0.0192,7e-04,0,"20190314T144738Z",2018-07-25,22.8281
"D02","SCBI","000","020",2018-07-26 05:30:00,2018-07-26 06:00:00,20.5909,20.5483,20.6392,4e-04,1620,0.0191,5e-04,0,"20190314T144738Z",2018-07-26,20.5909
"D02","SCBI","000","020",2018-07-27 00:00:00,2018-07-27 00:30:00,24.0219,23.7883,24.4204,0.0356,1800,0.0212,0.0044,0,"20190314T144738Z",2018-07-27,24.0219
"D02","SCBI","000","020",2018-07-28 00:00:00,2018-07-28 00:30:00,22.7872,22.3341,23.3158,0.0703,1800,0.0229,0.0062,0,"20190314T144738Z",2018-07-28,22.7872
"D02","SCBI","000","020",2018-07-29 00:00:00,2018-07-29 00:30:00,23.1346,22.8051,23.3434,0.0271,1800,0.0207,0.0039,0,"20190314T144738Z",2018-07-29,23.1346
"D02","SCBI","000","020",2018-07-30 00:00:00,2018-07-30 00:30:00,23.3794,23.2111,23.6604,0.0206,1800,0.0204,0.0034,0,"20190314T144738Z",2018-07-30,23.3794
"D02","SCBI","000","020",2018-07-31 00:00:00,2018-07-31 00:30:00,19.7832,19.7231,19.8362,0.0012,1800,0.0191,8e-04,0,"20190314T144738Z",2018-07-31,19.7832
"D02","SCBI","000","020",2018-08-01 00:00:00,2018-08-01 00:30:00,23.4717,23.3472,23.585,0.0021,1800,0.0193,0.0011,0,"20190320T205124Z",2018-08-01,23.4717
"D02","SCBI","000","020",2018-08-02 00:00:00,2018-08-02 00:30:00,21.4351,21.207,21.7015,0.0254,1800,0.0205,0.0038,0,"20190320T205124Z",2018-08-02,21.4351
"D02","SCBI","000","020",2018-08-03 00:00:00,2018-08-03 00:30:00,22.983,22.7476,23.0439,0.0043,1800,0.0194,0.0015,0,"20190320T205124Z",2018-08-03,22.983
"D02","SCBI","000","020",2018-08-04 00:00:00,2018-08-04 00:30:00,21.2352,21.1508,21.397,0.0047,1800,0.0194,0.0016,0,"20190320T205124Z",2018-08-04,21.2352
"D02","SCBI","000","020",2018-08-05 00:00:00,2018-08-05 00:30:00,25.5944,25.3616,25.7352,0.0146,1800,0.0202,0.0029,0,"20190320T205124Z",2018-08-05,25.5944
"D02","SCBI","000","020",2018-08-06 00:00:00,2018-08-06 00:30:00,25.519,25.3155,25.8213,0.0216,1800,0.0205,0.0035,0,"20190320T205124Z",2018-08-06,25.519
"D02","SCBI","000","020",2018-08-07 00:00:00,2018-08-07 00:30:00,26.441,26.1109,26.8309,0.0628,1800,0.0227,0.0059,0,"20190320T205124Z",2018-08-07,26.441
"D02","SCBI","000","020",2018-08-08 00:00:00,2018-08-08 00:30:00,23.6388,23.5229,23.7271,0.0022,1800,0.0194,0.0011,0,"20190320T205124Z",2018-08-08,23.6388
"D02","SCBI","000","020",2018-08-09 00:00:00,2018-08-09 00:30:00,23.5028,23.2069,23.6857,0.0194,1800,0.0203,0.0033,0,"20190320T205124Z",2018-08-09,23.5028
"D02","SCBI","000","020",2018-08-10 00:00:00,2018-08-10 00:30:00,25.4811,25.0918,25.754,0.0338,1800,0.0212,0.0043,0,"20190320T205124Z",2018-08-10,25.4811
"D02","SCBI","000","020",2018-08-11 00:00:00,2018-08-11 00:30:00,25.71,25.141,26.0675,0.0721,1800,0.0231,0.0063,0,"20190320T205124Z",2018-08-11,25.71
"D02","SCBI","000","020",2018-08-12 00:00:00,2018-08-12 00:30:00,22.6342,22.454,22.7642,0.0104,1800,0.0198,0.0024,0,"20190320T205124Z",2018-08-12,22.6342
"D02","SCBI","000","020",2018-08-13 00:00:00,2018-08-13 00:30:00,21.6796,21.4658,21.7971,0.0054,1800,0.0194,0.0017,0,"20190320T205124Z",2018-08-13,21.6796
"D02","SCBI","000","020",2018-08-14 00:00:00,2018-08-14 00:30:00,21.1213,20.9846,21.2368,0.0052,1800,0.0194,0.0017,0,"20190320T205124Z",2018-08-14,21.1213
"D02","SCBI","000","020",2018-08-15 00:00:00,2018-08-15 00:30:00,21.8157,21.7684,21.9039,8e-04,1800,0.0192,6e-04,0,"20190320T205124Z",2018-08-15,21.8157
"D02","SCBI","000","020",2018-08-16 00:00:00,2018-08-16 00:30:00,24.64,24.371,25.1367,0.0527,1800,0.0221,0.0054,0,"20190320T205124Z",2018-08-16,24.64
"D02","SCBI","000","020",2018-08-17 00:00:00,2018-08-17 00:30:00,26.8428,26.7621,26.912,0.0012,1800,0.0195,8e-04,0,"20190320T205124Z",2018-08-17,26.8428
"D02","SCBI","000","020",2018-08-18 00:00:00,2018-08-18 00:30:00,22.0319,21.4622,23.6365,0.611,1800,0.0416,0.0184,0,"20190320T205124Z",2018-08-18,22.0319
"D02","SCBI","000","020",2018-08-19 00:00:00,2018-08-19 00:30:00,21.7103,21.1103,22.1391,0.0922,1800,0.0239,0.0072,0,"20190320T205124Z",2018-08-19,21.7103
"D02","SCBI","000","020",2018-08-20 00:00:00,2018-08-20 00:30:00,21.055,20.9286,21.1955,0.0063,1800,0.0195,0.0019,0,"20190320T205124Z",2018-08-20,21.055
"D02","SCBI","000","020",2018-08-21 00:00:00,2018-08-21 00:30:00,21.9712,21.936,22.0317,5e-04,1800,0.0192,5e-04,0,"20190320T205124Z",2018-08-21,21.9712
"D02","SCBI","000","020",2018-08-22 00:00:00,2018-08-22 00:30:00,25.278,25.043,25.5734,0.0339,1800,0.0212,0.0043,0,"20190320T205124Z",2018-08-22,25.278
"D02","SCBI","000","020",2018-08-23 00:00:00,2018-08-23 00:30:00,22.0266,21.7964,22.2466,0.0131,1800,0.0199,0.0027,0,"20190320T205124Z",2018-08-23,22.0266
"D02","SCBI","000","020",2018-08-24 00:00:00,2018-08-24 00:30:00,19.5186,19.2533,19.6268,0.0063,1800,0.0194,0.0019,0,"20190320T205124Z",2018-08-24,19.5186
"D02","SCBI","000","020",2018-08-25 00:00:00,2018-08-25 00:30:00,20.6164,20.5511,20.7569,0.0026,1800,0.0192,0.0012,0,"20190320T205124Z",2018-08-25,20.6164
"D02","SCBI","000","020",2018-08-26 00:00:00,2018-08-26 00:30:00,21.9887,21.8547,22.1156,0.0057,1800,0.0195,0.0018,0,"20190320T205124Z",2018-08-26,21.9887
"D02","SCBI","000","020",2018-08-27 00:00:00,2018-08-27 00:30:00,25.5859,25.3784,26.027,0.0349,1800,0.0213,0.0044,0,"20190320T205124Z",2018-08-27,25.5859
"D02","SCBI","000","020",2018-08-28 00:00:00,2018-08-28 00:30:00,25.0104,24.398,25.8155,0.2714,1800,0.0313,0.0123,0,"20190320T205124Z",2018-08-28,25.0104
"D02","SCBI","000","020",2018-08-29 00:00:00,2018-08-29 00:30:00,26.7669,26.3809,27.1271,0.0498,1800,0.0221,0.0053,0,"20190320T205124Z",2018-08-29,26.7669
"D02","SCBI","000","020",2018-08-30 00:00:00,2018-08-30 00:30:00,26.6043,26.1744,26.8391,0.0271,1800,0.0209,0.0039,0,"20190320T205124Z",2018-08-30,26.6043
"D02","SCBI","000","020",2018-08-31 00:00:00,2018-08-31 00:30:00,23.3934,23.2089,23.7122,0.0196,1800,0.0203,0.0033,0,"20190320T205124Z",2018-08-31,23.3934
"D02","SCBI","000","020",2018-09-05 13:30:00,2018-09-05 14:00:00,25.9305,25.5082,26.3796,0.0656,1800,0.0228,0.006,0,"20190326T223256Z",2018-09-05,25.9305
"D02","SCBI","000","020",2018-09-06 00:00:00,2018-09-06 00:30:00,26.725,25.8426,27.2325,0.1898,1800,0.0283,0.0103,0,"20190326T223256Z",2018-09-06,26.725
"D02","SCBI","000","020",2018-09-07 00:00:00,2018-09-07 00:30:00,23.7798,23.3518,24.0951,0.0491,1800,0.0219,0.0052,0,"20190326T223256Z",2018-09-07,23.7798
"D02","SCBI","000","020",2018-09-08 00:00:00,2018-09-08 00:30:00,20.2462,20.1426,20.3544,0.0044,1800,0.0193,0.0016,0,"20190326T223256Z",2018-09-08,20.2462
"D02","SCBI","000","020",2018-09-09 00:00:00,2018-09-09 00:30:00,15.1665,15.1134,15.2392,6e-04,1800,0.0188,6e-04,0,"20190326T223256Z",2018-09-09,15.1665
"D02","SCBI","000","020",2018-09-10 00:00:00,2018-09-10 00:30:00,15.3916,15.3522,15.4279,4e-04,1800,0.0188,5e-04,0,"20190326T223256Z",2018-09-10,15.3916
"D02","SCBI","000","020",2018-09-11 00:00:00,2018-09-11 00:30:00,18.6903,18.5459,18.8966,0.0153,1800,0.0198,0.0029,0,"20190326T223256Z",2018-09-11,18.6903
"D02","SCBI","000","020",2018-09-12 00:00:00,2018-09-12 00:30:00,18.3695,18.3328,18.3919,2e-04,1800,0.019,3e-04,0,"20190326T223256Z",2018-09-12,18.3695
"D02","SCBI","000","020",2018-09-13 00:00:00,2018-09-13 00:30:00,21.2254,21.128,21.2792,0.0022,1800,0.0192,0.0011,0,"20190326T223256Z",2018-09-13,21.2254
"D02","SCBI","000","020",2018-09-14 00:00:00,2018-09-14 00:30:00,22.2476,22.1325,22.3294,0.0037,1800,0.0194,0.0014,0,"20190326T223256Z",2018-09-14,22.2476
"D02","SCBI","000","020",2018-09-15 00:00:00,2018-09-15 00:30:00,21.6942,21.6307,21.7774,0.0012,1800,0.0192,8e-04,0,"20190326T223256Z",2018-09-15,21.6942
"D02","SCBI","000","020",2018-09-16 00:00:00,2018-09-16 00:30:00,21.5567,21.493,21.6177,0.001,1800,0.0192,8e-04,0,"20190326T223256Z",2018-09-16,21.5567
"D02","SCBI","000","020",2018-09-17 00:00:00,2018-09-17 00:30:00,21.4853,21.4122,21.6063,0.0025,1800,0.0193,0.0012,0,"20190326T223256Z",2018-09-17,21.4853
"D02","SCBI","000","020",2018-09-18 00:00:00,2018-09-18 00:30:00,23.4791,23.4379,23.5193,5e-04,1800,0.0192,5e-04,0,"20190326T223256Z",2018-09-18,23.4791
"D02","SCBI","000","020",2018-09-19 00:00:00,2018-09-19 00:30:00,22.5156,22.4203,22.6843,0.0072,1800,0.0196,0.002,0,"20190326T223256Z",2018-09-19,22.5156
"D02","SCBI","000","020",2018-09-20 00:00:00,2018-09-20 00:30:00,23.4859,23.2996,23.5911,0.0073,1800,0.0196,0.002,0,"20190326T223256Z",2018-09-20,23.4859
"D02","SCBI","000","020",2018-09-21 00:00:00,2018-09-21 00:30:00,23.5446,23.4803,23.6244,0.0011,1800,0.0193,8e-04,0,"20190326T223256Z",2018-09-21,23.5446
"D02","SCBI","000","020",2018-09-22 00:00:00,2018-09-22 00:30:00,23.6164,23.5476,23.7966,0.0045,1800,0.0195,0.0016,0,"20190326T223256Z",2018-09-22,23.6164
"D02","SCBI","000","020",2018-09-23 00:00:00,2018-09-23 00:30:00,16.1304,16.0328,16.2303,0.0026,1800,0.019,0.0012,0,"20190326T223256Z",2018-09-23,16.1304
"D02","SCBI","000","020",2018-09-24 00:00:00,2018-09-24 00:30:00,14.6725,14.6001,14.7512,0.0022,1800,0.0189,0.0011,0,"20190326T223256Z",2018-09-24,14.6725
"D02","SCBI","000","020",2018-09-25 00:00:00,2018-09-25 00:30:00,16.6826,16.6034,16.7674,0.0026,1800,0.019,0.0012,0,"20190326T223256Z",2018-09-25,16.6826
"D02","SCBI","000","020",2018-09-26 00:00:00,2018-09-26 00:30:00,21.3617,20.9882,21.7525,0.0706,1740,0.023,0.0064,0,"20190326T223256Z",2018-09-26,21.3617
"D02","SCBI","000","020",2018-09-27 00:00:00,2018-09-27 00:30:00,21.3931,21.3364,21.4523,9e-04,1800,0.0192,7e-04,0,"20190326T223256Z",2018-09-27,21.3931
"D02","SCBI","000","020",2018-09-28 00:00:00,2018-09-28 00:30:00,12.6065,12.5408,12.6786,0.0011,1770,0.0187,8e-04,0,"20190326T223256Z",2018-09-28,12.6065
"D02","SCBI","000","020",2018-09-29 00:00:00,2018-09-29 00:30:00,19.9613,19.8906,20.0549,0.0016,1800,0.0191,9e-04,0,"20190326T223256Z",2018-09-29,19.9613
"D02","SCBI","000","020",2018-09-30 00:00:00,2018-09-30 00:30:00,18.091,17.6365,18.5205,0.0778,1800,0.0231,0.0066,0,"20190326T223256Z",2018-09-30,18.091
"D02","SCBI","000","020",2018-10-01 00:00:00,2018-10-01 00:30:00,18.2351,18.171,18.3514,0.0016,1800,0.019,0.001,0,"20190401T063614Z",2018-10-01,18.2351
"D02","SCBI","000","020",2018-10-02 00:00:00,2018-10-02 00:30:00,23.44,23.2562,23.5517,0.0062,1800,0.0196,0.0019,0,"20190401T063614Z",2018-10-02,23.44
"D02","SCBI","000","020",2018-10-03 00:00:00,2018-10-03 00:30:00,24.0366,23.8752,24.2223,0.0101,1800,0.0198,0.0024,0,"20190401T063614Z",2018-10-03,24.0366
"D02","SCBI","000","020",2018-10-04 00:00:00,2018-10-04 00:30:00,22.9815,22.4261,23.7825,0.2078,1800,0.0288,0.0107,0,"20190401T063614Z",2018-10-04,22.9815
"D02","SCBI","000","020",2018-10-05 00:00:00,2018-10-05 00:30:00,26.0669,25.8654,26.2891,0.0142,1800,0.0202,0.0028,0,"20190401T063614Z",2018-10-05,26.0669
"D02","SCBI","000","020",2018-10-06 00:00:00,2018-10-06 00:30:00,18.1049,17.8282,18.3876,0.0493,1800,0.0216,0.0052,0,"20190401T063614Z",2018-10-06,18.1049
"D02","SCBI","000","020",2018-10-07 00:00:00,2018-10-07 00:30:00,20.8469,20.8088,20.9075,5e-04,1800,0.0191,6e-04,0,"20190401T063614Z",2018-10-07,20.8469
"D02","SCBI","000","020",2018-10-08 00:00:00,2018-10-08 00:30:00,25.4815,25.4154,25.5562,0.0013,1800,0.0194,9e-04,0,"20190401T063614Z",2018-10-08,25.4815
"D02","SCBI","000","020",2018-10-09 00:00:00,2018-10-09 00:30:00,23.3218,23.2217,23.4217,0.0022,1800,0.0193,0.0011,0,"20190401T063614Z",2018-10-09,23.3218
"D02","SCBI","000","020",2018-10-10 00:00:00,2018-10-10 00:30:00,21.9663,21.7958,22.0887,0.0084,1800,0.0196,0.0022,0,"20190401T063614Z",2018-10-10,21.9663
"D02","SCBI","000","020",2018-10-11 00:00:00,2018-10-11 00:30:00,22.0497,21.9784,22.1511,0.004,1800,0.0194,0.0015,0,"20190401T063614Z",2018-10-11,22.0497
"D02","SCBI","000","020",2018-10-12 01:00:00,2018-10-12 01:30:00,20.0124,19.8067,20.1229,0.0112,1470,0.0198,0.0028,0,"20190401T063614Z",2018-10-12,20.0124
"D02","SCBI","000","020",2018-10-13 00:00:00,2018-10-13 00:30:00,10.1679,9.8494,10.5279,0.0521,1800,0.0214,0.0054,0,"20190401T063614Z",2018-10-13,10.1679
"D02","SCBI","000","020",2018-10-14 00:00:00,2018-10-14 00:30:00,8.1455,7.6796,8.539,0.0648,1800,0.022,0.006,0,"20190401T063614Z",2018-10-14,8.1455
"D02","SCBI","000","020",2018-10-15 00:00:00,2018-10-15 00:30:00,10.6943,10.6602,10.7394,3e-04,1800,0.0186,4e-04,0,"20190401T063614Z",2018-10-15,10.6943
"D02","SCBI","000","020",2018-10-16 00:00:00,2018-10-16 00:30:00,22.3224,22.1214,22.5226,0.0133,1800,0.0199,0.0027,0,"20190401T063614Z",2018-10-16,22.3224
"D02","SCBI","000","020",2018-10-17 00:00:00,2018-10-17 00:30:00,12.5887,12.5262,12.6326,6e-04,1800,0.0187,6e-04,0,"20190401T063614Z",2018-10-17,12.5887
"D02","SCBI","000","020",2018-10-18 00:00:00,2018-10-18 00:30:00,12.6471,12.4628,12.9755,0.018,1800,0.0197,0.0032,0,"20190401T063614Z",2018-10-18,12.6471
"D02","SCBI","000","020",2018-10-19 00:00:00,2018-10-19 00:30:00,8.3557,7.8276,8.9213,0.0825,1800,0.0229,0.0068,0,"20190401T063614Z",2018-10-19,8.3557
"D02","SCBI","000","020",2018-10-20 00:00:00,2018-10-20 00:30:00,14.0715,14.0295,14.1295,6e-04,1800,0.0188,6e-04,0,"20190401T063614Z",2018-10-20,14.0715
"D02","SCBI","000","020",2018-10-21 00:00:00,2018-10-21 00:30:00,13.966,13.5721,14.3488,0.0577,1800,0.0219,0.0057,0,"20190401T063614Z",2018-10-21,13.966
"D02","SCBI","000","020",2018-10-22 00:00:00,2018-10-22 00:30:00,4.6852,4.511,4.7687,0.0026,1800,0.0184,0.0012,0,"20190401T063614Z",2018-10-22,4.6852
"D02","SCBI","000","020",2018-10-23 00:00:00,2018-10-23 00:30:00,10.3338,10.2151,10.424,0.0034,1800,0.0187,0.0014,0,"20190401T063614Z",2018-10-23,10.3338
"D02","SCBI","000","020",2018-10-24 00:00:00,2018-10-24 00:30:00,12.5716,12.0955,13.1787,0.1168,1800,0.0247,0.0081,0,"20190401T063614Z",2018-10-24,12.5716
"D02","SCBI","000","020",2018-10-25 00:00:00,2018-10-25 00:30:00,6.5297,6.2917,6.9923,0.0348,1800,0.0203,0.0044,0,"20190401T063614Z",2018-10-25,6.5297
"D02","SCBI","000","020",2018-10-26 00:00:00,2018-10-26 00:30:00,8.0801,7.9071,8.5618,0.0215,1800,0.0197,0.0035,0,"20190401T063614Z",2018-10-26,8.0801
"D02","SCBI","000","020",2018-10-27 00:00:00,2018-10-27 00:30:00,5.9353,5.8501,6.0623,0.0038,1530,0.0186,0.0016,0,"20190401T063614Z",2018-10-27,5.9353
"D02","SCBI","000","020",2018-10-28 00:00:00,2018-10-28 00:30:00,8.0831,8.0258,8.141,8e-04,1800,0.0185,7e-04,0,"20190401T063614Z",2018-10-28,8.0831
"D02","SCBI","000","020",2018-10-29 00:00:00,2018-10-29 00:30:00,10.7789,10.6029,10.9014,0.0077,1800,0.019,0.0021,0,"20190401T063614Z",2018-10-29,10.7789
"D02","SCBI","000","020",2018-10-30 00:00:00,2018-10-30 00:30:00,8.804,8.6467,9.0502,0.0122,1800,0.0192,0.0026,0,"20190401T063614Z",2018-10-30,8.804
"D02","SCBI","000","020",2018-10-31 00:00:00,2018-10-31 00:30:00,13.7082,13.578,13.8725,0.0067,1800,0.0191,0.0019,0,"20190401T063614Z",2018-10-31,13.7082
"D02","SCBI","000","020",2018-11-01 00:00:00,2018-11-01 00:30:00,17.6893,17.5942,17.8788,0.0044,1800,0.0192,0.0016,0,"20190405T232517Z",2018-11-01,17.6893
"D02","SCBI","000","020",2018-11-02 00:00:00,2018-11-02 00:30:00,18.2111,18.0849,18.3351,0.0071,1800,0.0194,0.002,0,"20190405T232517Z",2018-11-02,18.2111
"D02","SCBI","000","020",2018-11-03 01:00:00,2018-11-03 01:30:00,10.6941,10.609,10.8312,0.0048,1530,0.0189,0.0018,0,"20190405T232517Z",2018-11-03,10.6941
"D02","SCBI","000","020",2018-11-04 00:00:00,2018-11-04 00:30:00,8.4828,8.3988,8.532,0.0011,1800,0.0185,8e-04,0,"20190405T232517Z",2018-11-04,8.4828
"D02","SCBI","000","020",2018-11-05 00:00:00,2018-11-05 00:30:00,9.6481,9.3514,9.915,0.038,1770,0.0207,0.0046,0,"20190405T232517Z",2018-11-05,9.6481
"D02","SCBI","000","020",2018-11-06 00:00:00,2018-11-06 00:30:00,10.0711,10.049,10.1262,5e-04,1800,0.0185,5e-04,0,"20190405T232517Z",2018-11-06,10.0711
"D02","SCBI","000","020",2018-11-07 00:00:00,2018-11-07 00:30:00,17.1585,16.901,17.4826,0.0239,1800,0.0203,0.0036,0,"20190405T232517Z",2018-11-07,17.1585
"D02","SCBI","000","020",2018-11-08 00:00:00,2018-11-08 00:30:00,15.2899,15.1437,15.4446,0.0095,1800,0.0193,0.0023,0,"20190405T232517Z",2018-11-08,15.2899
"D02","SCBI","000","020",2018-11-09 00:00:00,2018-11-09 00:30:00,7.366,7.2517,7.5932,0.0089,1800,0.0189,0.0022,0,"20190405T232517Z",2018-11-09,7.366
"D02","SCBI","000","020",2018-11-10 01:00:00,2018-11-10 01:30:00,5.909,5.8576,6.0685,0.0022,1560,0.0185,0.0012,0,"20190405T232517Z",2018-11-10,5.909
"D02","SCBI","000","020",2018-11-11 00:00:00,2018-11-11 00:30:00,0.0811,-0.1095,0.2564,0.011,1800,0.0187,0.0025,0,"20190405T232517Z",2018-11-11,0.0811
"D02","SCBI","000","020",2018-11-12 00:00:00,2018-11-12 00:30:00,4.0103,3.957,4.0468,3e-04,1800,0.0182,4e-04,0,"20190405T232517Z",2018-11-12,4.0103
"D02","SCBI","000","020",2018-11-13 00:00:00,2018-11-13 00:30:00,2.848,2.7124,3.01,0.008,1800,0.0186,0.0021,0,"20190405T232517Z",2018-11-13,2.848
"D02","SCBI","000","020",2018-11-14 00:00:00,2018-11-14 00:30:00,4.9121,4.7579,5.0218,0.005,1770,0.0186,0.0017,0,"20190405T232517Z",2018-11-14,4.9121
"D02","SCBI","000","020",2018-11-15 00:00:00,2018-11-15 00:30:00,1.8943,1.8514,1.9835,0.0013,1800,0.0182,8e-04,0,"20190405T232517Z",2018-11-15,1.8943
"D02","SCBI","000","020",2018-11-16 00:00:00,2018-11-16 00:30:00,-0.2297,-0.2932,-0.1249,0.0015,1800,0.0181,9e-04,0,"20190405T232517Z",2018-11-16,-0.2297
"D02","SCBI","000","020",2018-11-17 00:00:00,2018-11-17 00:30:00,4.8443,4.5693,5.0134,0.015,1800,0.0191,0.0029,0,"20190405T232517Z",2018-11-17,4.8443
"D02","SCBI","000","020",2018-11-18 00:00:00,2018-11-18 00:30:00,4.3309,4.2454,4.4327,0.0037,1800,0.0184,0.0014,0,"20190405T232517Z",2018-11-18,4.3309
"D02","SCBI","000","020",2018-11-19 00:00:00,2018-11-19 00:30:00,5.6816,5.6255,5.7494,9e-04,1800,0.0183,7e-04,0,"20190405T232517Z",2018-11-19,5.6816
"D02","SCBI","000","020",2018-11-20 00:00:00,2018-11-20 00:30:00,12.6095,12.2619,13.0224,0.0636,1800,0.0221,0.0059,0,"20190405T232517Z",2018-11-20,12.6095
"D02","SCBI","000","020",2018-11-21 00:00:00,2018-11-21 00:30:00,4.7743,4.5903,4.8967,0.0107,1800,0.0189,0.0024,0,"20190405T232517Z",2018-11-21,4.7743
"D02","SCBI","000","020",2018-11-22 00:00:00,2018-11-22 00:30:00,3.9154,3.7235,4.0953,0.0131,1800,0.019,0.0027,0,"20190405T232517Z",2018-11-22,3.9154
"D02","SCBI","000","020",2018-11-23 00:00:00,2018-11-23 00:30:00,-2.4824,-2.5352,-2.3925,0.0018,1650,0.018,0.001,0,"20190405T232517Z",2018-11-23,-2.4824
"D02","SCBI","000","020",2018-11-24 00:00:00,2018-11-24 00:30:00,-1.6265,-1.664,-1.588,3e-04,1800,0.0179,4e-04,0,"20190405T232517Z",2018-11-24,-1.6265
"D02","SCBI","000","020",2018-11-25 00:00:00,2018-11-25 00:30:00,0.8909,0.7298,1.04,0.0085,1650,0.0186,0.0023,0,"20190405T232517Z",2018-11-25,0.8909
"D02","SCBI","000","020",2018-11-26 00:00:00,2018-11-26 00:30:00,12.602,12.325,12.7536,0.0069,1800,0.0191,0.002,0,"20190405T232517Z",2018-11-26,12.602
"D02","SCBI","000","020",2018-11-27 00:00:00,2018-11-27 00:30:00,5.7442,5.5756,5.9319,0.0061,1770,0.0187,0.0019,0,"20190405T232517Z",2018-11-27,5.7442
"D02","SCBI","000","020",2018-11-28 08:00:00,2018-11-28 08:30:00,-1.4161,-1.5203,-1.302,0.004,1800,0.0182,0.0015,0,"20190405T232517Z",2018-11-28,-1.4161
"D02","SCBI","000","020",2018-11-29 00:00:00,2018-11-29 00:30:00,-2.3869,-2.4383,-2.3458,6e-04,1800,0.0179,6e-04,0,"20190405T232517Z",2018-11-29,-2.3869
"D02","SCBI","000","020",2018-11-30 00:00:00,2018-11-30 00:30:00,2.6888,2.3296,3.1241,0.0676,1800,0.0219,0.0061,0,"20190405T232517Z",2018-11-30,2.6888
"D02","SCBI","000","020",2018-12-01 00:00:00,2018-12-01 00:30:00,3.7497,3.4559,3.9096,0.0181,1800,0.0193,0.0032,0,"20190410T185109Z",2018-12-01,3.7497
"D02","SCBI","000","020",2018-12-02 00:00:00,2018-12-02 00:30:00,2.8801,2.8422,2.9764,5e-04,1710,0.0182,5e-04,0,"20190410T185109Z",2018-12-02,2.8801
"D02","SCBI","000","020",2018-12-03 00:00:00,2018-12-03 00:30:00,12.7776,11.94,14.1358,0.5104,1740,0.039,0.0171,0,"20190410T185109Z",2018-12-03,12.7776
"D02","SCBI","000","020",2018-12-04 00:00:00,2018-12-04 00:30:00,8.1461,7.9891,8.3499,0.0087,1740,0.019,0.0022,0,"20190410T185109Z",2018-12-04,8.1461
"D02","SCBI","000","020",2018-12-05 00:00:00,2018-12-05 00:30:00,1.7962,1.739,1.8599,0.0012,1800,0.0182,8e-04,0,"20190410T185109Z",2018-12-05,1.7962
"D02","SCBI","000","020",2018-12-06 00:00:00,2018-12-06 00:30:00,0.3608,0.08,0.5982,0.0228,1800,0.0194,0.0036,0,"20190410T185109Z",2018-12-06,0.3608
"D02","SCBI","000","020",2018-12-07 00:00:00,2018-12-07 00:30:00,3.5255,3.2809,3.7196,0.0154,1800,0.0191,0.0029,0,"20190410T185109Z",2018-12-07,3.5255
"D02","SCBI","000","020",2018-12-08 00:00:00,2018-12-08 00:30:00,-0.5619,-0.7116,-0.4394,0.0036,1800,0.0182,0.0014,0,"20190410T185109Z",2018-12-08,-0.5619
"D02","SCBI","000","020",2018-12-09 00:00:00,2018-12-09 00:30:00,-1.3684,-1.4818,-1.2438,0.0054,1800,0.0183,0.0017,0,"20190410T185109Z",2018-12-09,-1.3684
"D02","SCBI","000","020",2018-12-10 01:00:00,2018-12-10 01:30:00,-2.4321,-2.462,-2.3912,3e-04,1530,0.0179,5e-04,0,"20190410T185109Z",2018-12-10,-2.4321
"D02","SCBI","000","020",2018-12-11 00:00:00,2018-12-11 00:30:00,-1.2315,-1.4183,-1.0598,0.0109,1800,0.0186,0.0025,0,"20190410T185109Z",2018-12-11,-1.2315
"D02","SCBI","000","020",2018-12-12 00:00:00,2018-12-12 00:30:00,3.8501,3.7646,4.1011,0.0086,1800,0.0187,0.0022,0,"20190410T185109Z",2018-12-12,3.8501
"D02","SCBI","000","020",2018-12-13 00:00:00,2018-12-13 00:30:00,3.2365,2.8951,3.4827,0.0477,1800,0.0209,0.0051,0,"20190410T185109Z",2018-12-13,3.2365
"D02","SCBI","000","020",2018-12-14 00:00:00,2018-12-14 00:30:00,6.2197,6.1255,6.3274,0.0039,1800,0.0186,0.0015,0,"20190410T185109Z",2018-12-14,6.2197
"D02","SCBI","000","020",2018-12-15 23:30:00,2018-12-16 00:00:00,7.7641,7.6944,7.8504,0.0015,1650,0.0185,0.001,0,"20190410T185109Z",2018-12-15,7.7641
"D02","SCBI","000","020",2018-12-16 00:00:00,2018-12-16 00:30:00,7.7614,7.7085,7.8584,0.0015,1620,0.0185,9e-04,0,"20190410T185109Z",2018-12-16,7.7614
"D02","SCBI","000","020",2018-12-17 00:00:00,2018-12-17 00:30:00,4.1623,4.1195,4.1972,3e-04,1800,0.0182,4e-04,0,"20190410T185109Z",2018-12-17,4.1623
"D02","SCBI","000","020",2018-12-18 00:00:00,2018-12-18 00:30:00,5.9663,5.5927,6.3666,0.035,1800,0.0203,0.0044,0,"20190410T185109Z",2018-12-18,5.9663
"D02","SCBI","000","020",2018-12-19 00:00:00,2018-12-19 00:30:00,2.9535,2.7752,3.1684,0.0115,1800,0.0189,0.0025,0,"20190410T185109Z",2018-12-19,2.9535
"D02","SCBI","000","020",2018-12-20 00:00:00,2018-12-20 00:30:00,6.4402,6.3428,6.5404,0.0033,1800,0.0185,0.0014,0,"20190410T185109Z",2018-12-20,6.4402
"D02","SCBI","000","020",2018-12-21 08:00:00,2018-12-21 08:30:00,12.1023,9.438,12.6597,0.5805,1530,0.0432,0.0195,0,"20190410T185109Z",2018-12-21,12.1023
"D02","SCBI","000","020",2018-12-22 00:00:00,2018-12-22 00:30:00,12.7343,12.6582,12.813,0.0015,1800,0.0188,9e-04,0,"20190410T185109Z",2018-12-22,12.7343
"D02","SCBI","000","020",2018-12-23 00:00:00,2018-12-23 00:30:00,4.5696,4.4717,4.7122,0.007,1800,0.0187,0.002,0,"20190410T185109Z",2018-12-23,4.5696
"D02","SCBI","000","020",2018-12-24 00:00:00,2018-12-24 00:30:00,5.5638,5.3916,5.7944,0.0091,1800,0.0188,0.0022,0,"20190410T185109Z",2018-12-24,5.5638
"D02","SCBI","000","020",2018-12-25 00:00:00,2018-12-25 00:30:00,4.0462,3.9629,4.1034,8e-04,1740,0.0183,7e-04,0,"20190410T185109Z",2018-12-25,4.0462
"D02","SCBI","000","020",2018-12-26 00:00:00,2018-12-26 00:30:00,0.5691,0.4531,0.6764,0.0044,1800,0.0183,0.0016,0,"20190410T185109Z",2018-12-26,0.5691
"D02","SCBI","000","020",2018-12-27 00:00:00,2018-12-27 00:30:00,5.4324,5.3051,5.5644,0.0037,1800,0.0185,0.0014,0,"20190410T185109Z",2018-12-27,5.4324
"D02","SCBI","000","020",2018-12-28 00:00:00,2018-12-28 00:30:00,6.6355,6.5885,6.6837,5e-04,1770,0.0184,5e-04,0,"20190410T185109Z",2018-12-28,6.6355
"D02","SCBI","000","020",2018-12-29 00:00:00,2018-12-29 00:30:00,12.3352,12.1246,12.6573,0.0198,1800,0.0198,0.0033,0,"20190410T185109Z",2018-12-29,12.3352
"D02","SCBI","000","020",2018-12-30 00:00:00,2018-12-30 00:30:00,2.9346,2.7324,3.1018,0.0127,1800,0.0189,0.0027,0,"20190410T185109Z",2018-12-30,2.9346
"D02","SCBI","000","020",2018-12-31 00:00:00,2018-12-31 00:30:00,5.1344,5.0549,5.2047,0.0021,1800,0.0184,0.0011,0,"20190410T185109Z",2018-12-31,5.1344
"D02","SCBI","000","030",2018-05-18 16:30:00,2018-05-18 17:00:00,17.0341,16.9587,17.116,0.0015,1800,0.019,9e-04,0,"20191203T023629Z",2018-05-18,17.0341
"D02","SCBI","000","030",2018-05-19 00:00:00,2018-05-19 00:30:00,14.2311,14.0694,14.3949,0.0099,1800,0.0193,0.0024,0,"20191203T023629Z",2018-05-19,14.2311
"D02","SCBI","000","030",2018-05-20 00:00:00,2018-05-20 00:30:00,16.5586,16.1605,16.9079,0.0393,1800,0.021,0.0047,0,"20191203T023629Z",2018-05-20,16.5586
"D02","SCBI","000","030",2018-05-21 00:00:00,2018-05-21 00:30:00,25.22,24.8984,25.9072,0.0693,1800,0.023,0.0062,0,"20191203T023629Z",2018-05-21,25.22
"D02","SCBI","000","030",2018-05-22 00:00:00,2018-05-22 00:30:00,22.1023,21.9498,22.2281,0.0053,1800,0.0194,0.0017,0,"20191203T023629Z",2018-05-22,22.1023
"D02","SCBI","000","030",2018-05-23 00:00:00,2018-05-23 00:30:00,20.6274,20.1178,21.3832,0.1564,1800,0.0267,0.0093,0,"20191203T023629Z",2018-05-23,20.6274
"D02","SCBI","000","030",2018-05-24 00:00:00,2018-05-24 00:30:00,20.2354,19.6899,20.6908,0.0719,1800,0.0229,0.0063,0,"20191203T023629Z",2018-05-24,20.2354
"D02","SCBI","000","030",2018-05-25 00:00:00,2018-05-25 00:30:00,22.7558,22.4081,23.242,0.0499,1800,0.0219,0.0053,0,"20191203T023629Z",2018-05-25,22.7558
"D02","SCBI","000","030",2018-05-26 00:00:00,2018-05-26 00:30:00,25.1176,24.9034,25.3313,0.0152,1800,0.0202,0.0029,0,"20191203T023629Z",2018-05-26,25.1176
"D02","SCBI","000","030",2018-05-27 00:00:00,2018-05-27 00:30:00,21.5137,21.342,22.018,0.0221,1800,0.0204,0.0035,0,"20191203T023629Z",2018-05-27,21.5137
"D02","SCBI","000","030",2018-05-28 00:00:00,2018-05-28 00:30:00,22.627,22.1387,22.9853,0.0758,1800,0.0232,0.0065,0,"20191203T023629Z",2018-05-28,22.627
"D02","SCBI","000","030",2018-05-29 00:00:00,2018-05-29 00:30:00,18.8111,18.7314,18.9383,0.0032,1800,0.0192,0.0013,0,"20191203T023629Z",2018-05-29,18.8111
"D02","SCBI","000","030",2018-05-30 00:00:00,2018-05-30 00:30:00,23.6465,23.2992,23.8488,0.0155,1800,0.0201,0.0029,0,"20191203T023629Z",2018-05-30,23.6465
"D02","SCBI","000","030",2018-05-31 00:00:00,2018-05-31 00:30:00,20.2951,20.1741,20.3788,0.0028,1800,0.0192,0.0012,0,"20191203T023629Z",2018-05-31,20.2951
"D02","SCBI","000","030",2018-06-01 00:00:00,2018-06-01 00:30:00,21.373,21.2501,21.558,0.0108,1800,0.0197,0.0025,0,"20190307T073658Z",2018-06-01,21.373
"D02","SCBI","000","030",2018-06-02 00:00:00,2018-06-02 00:30:00,22.6737,22.2249,23.7503,0.1588,1800,0.0269,0.0094,0,"20190307T073658Z",2018-06-02,22.6737
"D02","SCBI","000","030",2018-06-03 00:00:00,2018-06-03 00:30:00,19.375,19.3293,19.4218,3e-04,1800,0.019,4e-04,0,"20190307T073658Z",2018-06-03,19.375
"D02","SCBI","000","030",2018-06-04 00:00:00,2018-06-04 00:30:00,13.1248,13.0425,13.2218,0.0021,1800,0.0188,0.0011,0,"20190307T073658Z",2018-06-04,13.1248
"D02","SCBI","000","030",2018-06-05 00:00:00,2018-06-05 00:30:00,20.0785,19.6781,20.5161,0.0382,1800,0.0212,0.0046,0,"20190307T073658Z",2018-06-05,20.0785
"D02","SCBI","000","030",2018-06-06 00:00:00,2018-06-06 00:30:00,20.1247,19.8276,20.4063,0.0414,1800,0.0213,0.0048,0,"20190307T073658Z",2018-06-06,20.1247
"D02","SCBI","000","030",2018-06-07 00:00:00,2018-06-07 00:30:00,15.0115,14.5955,15.4162,0.0558,1800,0.0218,0.0056,0,"20190307T073658Z",2018-06-07,15.0115
"D02","SCBI","000","030",2018-06-08 00:00:00,2018-06-08 00:30:00,21.8024,21.4988,22.0844,0.0254,1800,0.0206,0.0038,0,"20190307T073658Z",2018-06-08,21.8024
"D02","SCBI","000","030",2018-06-09 00:00:00,2018-06-09 00:30:00,25.0394,24.8784,25.1547,0.0045,1800,0.0196,0.0016,0,"20190307T073658Z",2018-06-09,25.0394
"D02","SCBI","000","030",2018-06-10 00:00:00,2018-06-10 00:30:00,18.9983,18.6103,19.5009,0.0831,1800,0.0234,0.0068,0,"20190307T073658Z",2018-06-10,18.9983
"D02","SCBI","000","030",2018-06-11 00:00:00,2018-06-11 00:30:00,21.2922,20.9787,21.6378,0.0436,1800,0.0215,0.0049,0,"20190307T073658Z",2018-06-11,21.2922
"D02","SCBI","000","030",2018-06-12 00:00:00,2018-06-12 00:30:00,15.2519,15.1794,15.3465,0.0016,1800,0.0189,9e-04,0,"20190307T073658Z",2018-06-12,15.2519
"D02","SCBI","000","030",2018-06-13 00:00:00,2018-06-13 00:30:00,19.1794,19.0761,19.2969,0.0031,1800,0.0192,0.0013,0,"20190307T073658Z",2018-06-13,19.1794
"D02","SCBI","000","030",2018-06-14 00:00:00,2018-06-14 00:30:00,26.0921,25.5865,26.8667,0.0915,1800,0.0241,0.0071,0,"20190307T073658Z",2018-06-14,26.0921
"D02","SCBI","000","030",2018-06-15 00:00:00,2018-06-15 00:30:00,23.5819,23.1335,24.0646,0.0597,1800,0.0224,0.0058,0,"20190307T073658Z",2018-06-15,23.5819
"D02","SCBI","000","030",2018-06-16 00:00:00,2018-06-16 00:30:00,21.4476,21.0149,21.7269,0.0276,1800,0.0207,0.0039,0,"20190307T073658Z",2018-06-16,21.4476
"D02","SCBI","000","030",2018-06-17 00:00:00,2018-06-17 00:30:00,25.1465,24.9122,25.389,0.0145,1800,0.0201,0.0028,0,"20190307T073658Z",2018-06-17,25.1465
"D02","SCBI","000","030",2018-06-18 00:00:00,2018-06-18 00:30:00,25.2033,24.6565,25.4651,0.0752,1800,0.0232,0.0065,0,"20190307T073658Z",2018-06-18,25.2033
"D02","SCBI","000","030",2018-06-19 00:00:00,2018-06-19 00:30:00,28.7227,28.4886,29.0203,0.0237,1800,0.0208,0.0036,0,"20190307T073658Z",2018-06-19,28.7227
"D02","SCBI","000","030",2018-06-20 00:00:00,2018-06-20 00:30:00,22.6388,22.572,22.7228,0.0019,1800,0.0193,0.001,0,"20190307T073658Z",2018-06-20,22.6388
"D02","SCBI","000","030",2018-06-21 00:00:00,2018-06-21 00:30:00,19.5757,19.4983,19.755,0.0026,1800,0.0192,0.0012,0,"20190307T073658Z",2018-06-21,19.5757
"D02","SCBI","000","030",2018-06-22 00:00:00,2018-06-22 00:30:00,20.8434,20.6359,21.2564,0.031,1800,0.0208,0.0041,0,"20190307T073658Z",2018-06-22,20.8434
"D02","SCBI","000","030",2018-06-23 00:00:00,2018-06-23 00:30:00,17.3735,17.285,17.424,6e-04,1800,0.0189,6e-04,0,"20190307T073658Z",2018-06-23,17.3735
"D02","SCBI","000","030",2018-06-24 00:00:00,2018-06-24 00:30:00,21.8368,21.0377,22.5968,0.1443,1800,0.0262,0.009,0,"20190307T073658Z",2018-06-24,21.8368
"D02","SCBI","000","030",2018-06-25 00:00:00,2018-06-25 00:30:00,24.4484,24.2075,24.7976,0.0153,1800,0.0201,0.0029,0,"20190307T073658Z",2018-06-25,24.4484
"D02","SCBI","000","030",2018-06-26 00:00:00,2018-06-26 00:30:00,21.8292,21.5197,22.119,0.0207,1800,0.0203,0.0034,0,"20190307T073658Z",2018-06-26,21.8292
